-- MySQL dump 10.13  Distrib 8.0.31, for Win64 (x86_64)
--
-- Host: 127.0.0.1    Database: recordsapp_db
-- ------------------------------------------------------
-- Server version	8.0.31

/*!40101 SET @OLD_CHARACTER_SET_CLIENT=@@CHARACTER_SET_CLIENT */;
/*!40101 SET @OLD_CHARACTER_SET_RESULTS=@@CHARACTER_SET_RESULTS */;
/*!40101 SET @OLD_COLLATION_CONNECTION=@@COLLATION_CONNECTION */;
/*!50503 SET NAMES utf8 */;
/*!40103 SET @OLD_TIME_ZONE=@@TIME_ZONE */;
/*!40103 SET TIME_ZONE='+00:00' */;
/*!40014 SET @OLD_UNIQUE_CHECKS=@@UNIQUE_CHECKS, UNIQUE_CHECKS=0 */;
/*!40014 SET @OLD_FOREIGN_KEY_CHECKS=@@FOREIGN_KEY_CHECKS, FOREIGN_KEY_CHECKS=0 */;
/*!40101 SET @OLD_SQL_MODE=@@SQL_MODE, SQL_MODE='NO_AUTO_VALUE_ON_ZERO' */;
/*!40111 SET @OLD_SQL_NOTES=@@SQL_NOTES, SQL_NOTES=0 */;

--
-- Table structure for table `employee`
--

DROP TABLE IF EXISTS `employee`;
/*!40101 SET @saved_cs_client     = @@character_set_client */;
/*!50503 SET character_set_client = utf8mb4 */;
CREATE TABLE `employee` (
  `id` int NOT NULL AUTO_INCREMENT,
  `lastname` varchar(45) NOT NULL,
  `firstname` varchar(45) NOT NULL,
  `office_id` int NOT NULL,
  `address` varchar(100) DEFAULT NULL,
  PRIMARY KEY (`id`)
) ENGINE=InnoDB AUTO_INCREMENT=1412 DEFAULT CHARSET=utf8mb4 COLLATE=utf8mb4_0900_ai_ci;
/*!40101 SET character_set_client = @saved_cs_client */;

--
-- Dumping data for table `employee`
--

LOCK TABLES `employee` WRITE;
/*!40000 ALTER TABLE `employee` DISABLE KEYS */;
INSERT INTO `employee` VALUES (1,'Doe','Jane',3,'PPC'),(2,'Doe','John',1,'Roxas'),(3,'Reid','Spence',1,NULL),(4,'Martinez','Kristine Joy',3,''),(5,'demo','demo',2,''),(6,'Llado','Maurenne',5,'Brgy. Tiniguiban'),(7,'Monahan','Reynold',1,'Brgy. San Jose'),(8,'Carter','Rogelio',1,'Brgy. San Jose'),(9,'Rau','Meredith',5,'Brgy. Irawan'),(10,'Towne','Maxime',4,'Brgy. San Jose'),(11,'Streich','Gerson',4,'Bgry. Tiniguiban'),(12,'Nikolaus','Matilde',5,'Brgy. San Jose'),(13,'Carroll','Jamel',4,'Bgry. San Pedro'),(14,'Borer','Alphonso',6,'Brgy. Irawan'),(15,'Rau','Derek',3,'Bgry. Sicisican'),(16,'Schiller','Jermain',1,'Bgry. Tiniguiban'),(17,'Walsh','Monserrate',2,'Bgry. San Manuel'),(18,'Daniel','Eddie',6,'Brgy. San Jose'),(19,'Wisoky','Dena',4,'Bgry. Tiniguiban'),(20,'Bashirian','Issac',2,'Brgy. San Jose'),(21,'Swift','Dawn',6,'Bgry. Tiniguiban'),(22,'Okuneva','Jewel',4,'Bgry. Santa Monica'),(23,'Ortiz','Pietro',6,'Bgry. San Manuel'),(24,'Price','Selmer',6,'Bgry. San Pedro'),(25,'Grimes','Sean',6,'Bgry. San Pedro'),(26,'Parisian','Jed',2,'Bgry. Santa Monica'),(27,'Mertz','Corene',3,'Bgry. San Manuel'),(28,'Kunze','Billy',3,'Bgry. San Manuel'),(29,'Abshire','Jaden',4,'Brgy. San Jose'),(30,'Koch','Elian',2,'Bgry. Sicisican'),(31,'Reilly','Constantin',1,'Bgry. San Pedro'),(32,'Buckridge','Brennon',3,'Bgry. Tiniguiban'),(33,'Kuhic','Alisa',3,'Bgry. San Manuel'),(34,'Bartell','Kurtis',6,'Brgy. San Jose'),(35,'Brekke','Bradford',4,'Bgry. Santa Monica'),(36,'Boehm','Elna',2,'Brgy. Irawan'),(37,'Mante','Yasmeen',4,'Brgy. Irawan'),(38,'Runolfsdottir','Kyler',4,'Bgry. Tiniguiban'),(39,'Dare','Kiera',4,'Brgy. Irawan'),(40,'Bashirian','Monica',3,'Bgry. San Manuel'),(41,'Leannon','Alek',6,'Bgry. Sicisican'),(42,'Mohr','Vincenzo',2,'Bgry. San Manuel'),(43,'Rath','Meda',6,'Bgry. San Pedro'),(44,'Ritchie','Wilmer',6,'Brgy. Irawan'),(45,'Flatley','Brady',3,'Bgry. Santa Monica'),(46,'Pfannerstill','Alejandrin',3,'Bgry. Santa Monica'),(47,'Waelchi','Kaci',1,'Brgy. Irawan'),(48,'Feest','Emilia',4,'Brgy. Irawan'),(49,'Hessel','Aubrey',4,'Bgry. Sicisican'),(50,'Batz','Kelsi',2,'Brgy. Irawan'),(51,'Friesen','Candice',3,'Bgry. Sicisican'),(52,'Mohr','Bradford',1,'Brgy. Irawan'),(53,'Schuppe','Kurt',3,'Bgry. San Pedro'),(54,'Buckridge','Elise',1,'Brgy. San Jose'),(55,'Pacocha','Zachery',4,'Bgry. Santa Monica'),(56,'Aufderhar','Karolann',3,'Bgry. Sicsican'),(57,'Koch','Pearline',3,'Bgry. Santa Monica'),(58,'Mosciski','Alvena',4,'Brgy. San Jose'),(59,'Schmitt','Bobbie',1,'Brgy. San Jose'),(60,'Abshire','Samara',1,'Bgry. Tiniguiban'),(61,'Jacobi','Heaven',2,'Bgry. Sicsican'),(62,'Hahn','Kevin',1,'Bgry. Sicsican'),(63,'Hirthe','Dorothy',6,'Bgry. Tiniguiban'),(64,'Jacobi','Gunner',2,'Bgry. Santa Monica'),(65,'Goodwin','Antonia',1,'Bgry. Tiniguiban'),(66,'Labadie','Noemie',2,'Brgy. San Jose'),(67,'Gleichner','Cyrus',5,'Bgry. Sicsican'),(68,'Murazik','Ladarius',1,'Bgry. Tiniguiban'),(69,'Tillman','Emil',4,'Brgy. San Jose'),(70,'Leannon','Rahul',1,'Bgry. Sicsican'),(71,'Conroy','Esmeralda',5,'Bgry. San Pedro'),(72,'Lynch','Bianka',5,'Brgy. San Jose'),(73,'McDermott','Lillian',5,'Bgry. San Pedro'),(74,'Gleason','Hermina',6,'Brgy. Irawan'),(75,'Heller','Astrid',1,'Bgry. San Manuel'),(76,'Jacobson','Makenna',5,'Bgry. Tiniguiban'),(77,'Quigley','Vernice',1,'Bgry. Santa Monica'),(78,'Skiles','Ansel',4,'Bgry. San Manuel'),(79,'Batz','Elijah',3,'Bgry. Sicsican'),(80,'Homenick','Elena',5,'Bgry. Tiniguiban'),(81,'Gislason','Skylar',4,'Bgry. Santa Monica'),(82,'Leannon','Felton',6,'Brgy. Irawan'),(83,'Fritsch','Dax',6,'Bgry. San Manuel'),(84,'Heaney','Leanna',5,'Bgry. Tiniguiban'),(85,'Kessler','Idell',3,'Bgry. Tiniguiban'),(86,'Bernier','Claude',6,'Brgy. Irawan'),(87,'Herman','Eve',5,'Bgry. San Pedro'),(88,'Barton','Shanny',5,'Bgry. San Manuel'),(89,'Heaney','Jeanne',5,'Brgy. San Jose'),(90,'Spencer','Nels',2,'Brgy. Irawan'),(91,'Parisian','Madison',3,'Bgry. Sicsican'),(92,'Krajcik','Angel',5,'Brgy. San Jose'),(93,'Collier','Hugh',5,'Bgry. Tiniguiban'),(94,'Bayer','Rasheed',6,'Bgry. Tiniguiban'),(95,'Barton','Cooper',3,'Bgry. Sicsican'),(96,'Greenholt','Austin',1,'Bgry. Sicsican'),(97,'Rosenbaum','Audreanne',5,'Bgry. Tiniguiban'),(98,'Weissnat','Nia',4,'Bgry. Sicsican'),(99,'Pagac','Graciela',4,'Brgy. Irawan'),(100,'Klocko','Greta',5,'Bgry. Tiniguiban'),(101,'Heathcote','Georgiana',4,'Bgry. San Pedro'),(102,'Bayer','Lilliana',2,'Bgry. San Manuel'),(103,'Brakus','Vicky',3,'Bgry. Sicsican'),(104,'Boehm','Harry',6,'Bgry. San Pedro'),(105,'Kiehn','Grady',6,'Bgry. Sicsican'),(106,'Walsh','Cynthia',2,'Bgry. Santa Monica'),(107,'Murazik','Lizeth',4,'Bgry. Tiniguiban'),(108,'Aufderhar','Abigail',2,'Bgry. Sicsican'),(109,'Bauch','Cathryn',3,'Bgry. Santa Monica'),(110,'Bernhard','Bill',5,'Bgry. Tiniguiban'),(111,'Bayer','Edgardo',6,'Bgry. Sicsican'),(112,'Bartoletti','Alfreda',2,'Bgry. San Pedro'),(113,'Hettinger','Fiona',3,'Bgry. Santa Monica'),(114,'Wolff','Rowan',5,'Brgy. San Jose'),(115,'Hammes','Juanita',3,'Bgry. Sicsican'),(116,'Casper','Sheldon',4,'Brgy. Irawan'),(117,'Rogahn','Brannon',5,'Bgry. Tiniguiban'),(118,'Carter','Xzavier',6,'Bgry. Tiniguiban'),(119,'Conroy','Ulices',4,'Brgy. San Jose'),(120,'Stanton','Marilou',1,'Brgy. Irawan'),(121,'Balistreri','Roger',5,'Bgry. San Pedro'),(122,'Spencer','Jerald',2,'Bgry. Santa Monica'),(123,'Ziemann','Emile',2,'Bgry. Tiniguiban'),(124,'Cummerata','Lurline',2,'Brgy. San Jose'),(125,'Connelly','Sylvester',3,'Bgry. San Pedro'),(126,'Larson','Monte',2,'Bgry. Santa Monica'),(127,'VonRueden','Jerald',5,'Bgry. Santa Monica'),(128,'Orn','Daniella',6,'Bgry. Santa Monica'),(129,'Dooley','Triston',3,'Bgry. San Pedro'),(130,'Ortiz','Antoinette',5,'Bgry. Santa Monica'),(131,'Kautzer','Janice',4,'Bgry. San Pedro'),(132,'Will','Arnaldo',1,'Bgry. San Manuel'),(133,'Upton','Maximus',3,'Bgry. San Manuel'),(134,'Goyette','Kadin',1,'Bgry. Sicsican'),(135,'Bergnaum','Millie',2,'Bgry. Santa Monica'),(136,'Corwin','Josefina',6,'Bgry. Santa Monica'),(137,'Rippin','Karli',3,'Bgry. San Pedro'),(138,'Friesen','Rusty',3,'Bgry. Santa Monica'),(139,'Cassin','Vicky',2,'Bgry. San Pedro'),(140,'Olson','Boris',3,'Bgry. Santa Monica'),(141,'Tillman','Edgar',5,'Bgry. San Manuel'),(142,'Gislason','Green',3,'Bgry. Sicsican'),(143,'VonRueden','Brisa',5,'Brgy. Irawan'),(144,'Hackett','Estella',3,'Bgry. San Pedro'),(145,'King','Arch',4,'Bgry. San Pedro'),(146,'Keebler','Walker',3,'Bgry. Sicsican'),(147,'Gaylord','Micaela',3,'Bgry. Santa Monica'),(148,'Farrell','Elian',1,'Bgry. San Manuel'),(149,'Weber','Taylor',1,'Brgy. Irawan'),(150,'Gleason','Estefania',2,'Bgry. San Manuel'),(151,'Schimmel','Sophie',1,'Bgry. San Pedro'),(152,'Nolan','Kacie',2,'Bgry. Santa Monica'),(153,'Schulist','Mafalda',6,'Bgry. San Pedro'),(154,'Emard','Isidro',4,'Brgy. Irawan'),(155,'Bechtelar','Winfield',1,'Bgry. San Pedro'),(156,'Kohler','Chris',2,'Brgy. Irawan'),(157,'Lueilwitz','Lance',4,'Brgy. San Jose'),(158,'Dibbert','Stephanie',5,'Bgry. Tiniguiban'),(159,'Wehner','Eleanore',6,'Brgy. Irawan'),(160,'Krajcik','Noelia',1,'Bgry. Tiniguiban'),(161,'Marquardt','Lonny',3,'Bgry. Santa Monica'),(162,'West','Belle',2,'Bgry. San Pedro'),(163,'Cassin','Raoul',2,'Bgry. San Pedro'),(164,'Kub','Marquis',6,'Brgy. San Jose'),(165,'Kulas','Wilber',5,'Bgry. Sicsican'),(166,'Zulauf','Payton',4,'Bgry. Sicsican'),(167,'Nikolaus','Vernice',3,'Brgy. San Jose'),(168,'Douglas','Mertie',1,'Bgry. San Manuel'),(169,'Treutel','Amiya',3,'Bgry. Santa Monica'),(170,'Cassin','Akeem',3,'Bgry. Tiniguiban'),(171,'Kautzer','Kaycee',1,'Brgy. San Jose'),(172,'Orn','Carmel',6,'Brgy. San Jose'),(173,'Streich','Frederic',6,'Bgry. Tiniguiban'),(174,'Heathcote','Kaelyn',2,'Bgry. Sicsican'),(175,'Schmeler','Giovanna',3,'Bgry. San Pedro'),(176,'Reinger','Rose',1,'Brgy. San Jose'),(177,'Homenick','Cloyd',5,'Bgry. San Pedro'),(178,'Altenwerth','Kelsi',4,'Brgy. Irawan'),(179,'Wintheiser','Bertrand',2,'Bgry. Tiniguiban'),(180,'Beahan','Caesar',6,'Brgy. San Jose'),(181,'Maggio','Wilma',1,'Bgry. San Manuel'),(182,'Russel','Meda',2,'Bgry. Tiniguiban'),(183,'Heathcote','Adolph',5,'Bgry. San Pedro'),(184,'Zemlak','Alene',5,'Bgry. San Manuel'),(185,'Wyman','Katlynn',3,'Bgry. Sicsican'),(186,'Vandervort','Prudence',6,'Bgry. Santa Monica'),(187,'Mraz','Isobel',5,'Bgry. Santa Monica'),(188,'Wolff','Amelia',3,'Brgy. Irawan'),(189,'Kirlin','Alessandro',6,'Bgry. Sicsican'),(190,'Batz','Mustafa',1,'Bgry. Santa Monica'),(191,'Kohler','Lenny',5,'Brgy. San Jose'),(192,'Hessel','Gerda',1,'Bgry. Sicsican'),(193,'Keeling','Kay',2,'Bgry. San Pedro'),(194,'Conroy','Jaqueline',4,'Bgry. San Pedro'),(195,'Cruickshank','Carol',6,'Bgry. San Manuel'),(196,'Kilback','Dameon',1,'Brgy. San Jose'),(197,'Boyle','Reuben',3,'Brgy. Irawan'),(198,'Spinka','Jaquan',4,'Brgy. San Jose'),(199,'Ward','Kira',1,'Brgy. Irawan'),(200,'DuBuque','Ryleigh',6,'Bgry. Tiniguiban'),(201,'Wisozk','Georgiana',1,'Bgry. San Pedro'),(202,'Dickinson','Zechariah',1,'Bgry. San Pedro'),(203,'Kunze','Jaycee',4,'Bgry. San Manuel'),(204,'Ullrich','Deontae',5,'Brgy. Irawan'),(205,'Cummerata','Tito',6,'Bgry. Santa Monica'),(206,'Bogisich','Jaquelin',5,'Bgry. Santa Monica'),(207,'Quigley','Lea',2,'Bgry. Sicsican'),(208,'Dickens','Abel',6,'Bgry. Tiniguiban'),(209,'Kunde','Erica',5,'Brgy. San Jose'),(210,'Morissette','Stephanie',4,'Bgry. San Pedro'),(211,'Boyer','Kenneth',2,'Brgy. Irawan'),(212,'Hane','Jo',1,'Bgry. San Manuel'),(213,'Hills','Asa',1,'Brgy. Irawan'),(214,'Lang','Ernest',5,'Brgy. Irawan'),(215,'Kub','Enola',6,'Bgry. Santa Monica'),(216,'Lesch','Shaniya',5,'Bgry. Tiniguiban'),(217,'Bayer','Carol',5,'Brgy. Irawan'),(218,'Toy','Deshaun',1,'Brgy. Irawan'),(219,'Flatley','Alycia',5,'Bgry. Tiniguiban'),(220,'McDermott','Viola',4,'Bgry. Tiniguiban'),(221,'Armstrong','Chaya',3,'Bgry. San Manuel'),(222,'Rogahn','Charley',2,'Bgry. San Manuel'),(223,'Spencer','Lydia',5,'Bgry. Santa Monica'),(224,'Jaskolski','Bettye',5,'Bgry. Sicsican'),(225,'Sawayn','Dudley',3,'Bgry. San Pedro'),(226,'Stroman','Brain',3,'Bgry. Tiniguiban'),(227,'Schowalter','Thaddeus',2,'Bgry. San Pedro'),(228,'Morissette','Ibrahim',1,'Bgry. San Manuel'),(229,'Bradtke','Nedra',2,'Bgry. Sicsican'),(230,'Denesik','Emmanuel',5,'Bgry. San Manuel'),(231,'Bode','Carmel',3,'Bgry. San Pedro'),(232,'Gorczany','Cristal',4,'Bgry. San Pedro'),(233,'Treutel','Lila',1,'Bgry. San Manuel'),(234,'Klein','Jess',2,'Brgy. San Jose'),(235,'Klein','Dina',5,'Brgy. San Jose'),(236,'Hansen','Mellie',6,'Bgry. Sicsican'),(237,'Prosacco','Alexzander',3,'Bgry. Santa Monica'),(238,'Bernhard','Rose',5,'Brgy. San Jose'),(239,'Zboncak','Harvey',3,'Bgry. San Pedro'),(240,'Feil','Jermain',3,'Bgry. Sicsican'),(241,'Stark','Alanis',4,'Bgry. Santa Monica'),(242,'Orn','Crawford',1,'Brgy. San Jose'),(243,'Kovacek','Zack',4,'Bgry. Tiniguiban'),(244,'Schiller','Prince',2,'Bgry. San Pedro'),(245,'Metz','Laurie',4,'Bgry. Tiniguiban'),(246,'Dibbert','Marquise',1,'Bgry. San Pedro'),(247,'Hickle','Eugenia',2,'Bgry. Santa Monica'),(248,'Grimes','Gia',5,'Bgry. San Manuel'),(249,'Fadel','Theron',3,'Bgry. Sicsican'),(250,'Muller','Celestino',1,'Bgry. Sicsican'),(251,'Zulauf','Marcia',2,'Bgry. Tiniguiban'),(252,'Zulauf','Caitlyn',1,'Bgry. Santa Monica'),(253,'Baumbach','Everardo',4,'Bgry. San Manuel'),(254,'Gulgowski','Adaline',5,'Bgry. Tiniguiban'),(255,'Wilkinson','Richmond',2,'Bgry. Santa Monica'),(256,'Grady','Pasquale',3,'Bgry. Tiniguiban'),(257,'Lynch','Amir',5,'Bgry. San Pedro'),(258,'Pouros','Etha',3,'Brgy. San Jose'),(259,'Daniel','Troy',2,'Bgry. Sicsican'),(260,'Abbott','Gennaro',4,'Bgry. San Pedro'),(261,'Rippin','Sandrine',1,'Brgy. San Jose'),(262,'Adams','Angelica',5,'Brgy. Irawan'),(263,'Rosenbaum','Sherman',6,'Bgry. San Manuel'),(264,'Roob','Adah',2,'Bgry. Sicsican'),(265,'Flatley','Everette',2,'Bgry. Tiniguiban'),(266,'Towne','Lauren',3,'Bgry. San Manuel'),(267,'Farrell','Jazlyn',1,'Bgry. San Manuel'),(268,'Cummerata','Coralie',2,'Bgry. Tiniguiban'),(269,'Kshlerin','Jazmin',5,'Bgry. San Pedro'),(270,'Wolf','Wilhelm',2,'Brgy. Irawan'),(271,'Lubowitz','Jody',3,'Bgry. Santa Monica'),(272,'Wilkinson','Richard',6,'Bgry. San Pedro'),(273,'Kulas','Hassan',4,'Bgry. San Manuel'),(274,'Hegmann','Hollis',6,'Brgy. San Jose'),(275,'Breitenberg','Cleveland',1,'Brgy. San Jose'),(276,'Towne','Lyda',1,'Bgry. San Pedro'),(277,'Gaylord','Fiona',6,'Bgry. Sicsican'),(278,'Davis','Sanford',4,'Brgy. San Jose'),(279,'Botsford','Deondre',3,'Bgry. Santa Monica'),(280,'Bogan','Lou',1,'Bgry. Tiniguiban'),(281,'Rippin','Tiara',2,'Bgry. Sicsican'),(282,'Hintz','Madisen',3,'Bgry. San Pedro'),(283,'Crona','Ethan',1,'Bgry. Sicsican'),(284,'Dare','Hosea',3,'Bgry. Tiniguiban'),(285,'Murazik','Ryder',6,'Brgy. San Jose'),(286,'Sanford','Aubrey',2,'Brgy. San Jose'),(287,'Kunze','Cristal',3,'Bgry. San Pedro'),(288,'Mohr','Alexandra',6,'Bgry. San Pedro'),(289,'Mann','Urban',5,'Bgry. San Manuel'),(290,'Lindgren','Humberto',3,'Bgry. San Pedro'),(291,'Simonis','Rene',1,'Bgry. Santa Monica'),(292,'Bailey','Arlo',2,'Bgry. Sicsican'),(293,'Crooks','Abraham',4,'Bgry. Sicsican'),(294,'Wiegand','Walton',2,'Bgry. Santa Monica'),(295,'Mayert','Cleo',1,'Bgry. San Pedro'),(296,'Davis','Austin',6,'Bgry. Tiniguiban'),(297,'Dibbert','Fernando',2,'Bgry. Sicsican'),(298,'Beahan','Tyra',1,'Brgy. Irawan'),(299,'Homenick','Keagan',4,'Brgy. San Jose'),(300,'Flatley','Emiliano',4,'Bgry. San Manuel'),(301,'Bailey','Amos',4,'Brgy. Irawan'),(302,'Hamill','Imelda',2,'Bgry. San Manuel'),(303,'Torphy','Earlene',4,'Bgry. Santa Monica'),(304,'Hettinger','Enola',1,'Bgry. San Manuel'),(305,'Padberg','Kelly',2,'Brgy. San Jose'),(306,'Hermann','Gabe',3,'Brgy. San Jose'),(307,'Hane','Keira',3,'Brgy. Irawan'),(308,'Blick','Krista',6,'Brgy. San Jose'),(309,'Ferry','Margie',1,'Bgry. San Manuel'),(310,'Collier','Otis',1,'Bgry. Sicsican'),(311,'Powlowski','Ova',1,'Bgry. Sicsican'),(312,'Parisian','Janice',6,'Bgry. Sicsican'),(313,'Rosenbaum','Gordon',1,'Bgry. San Pedro'),(314,'Langworth','Jamey',1,'Bgry. Sicsican'),(315,'O\'Kon','Kelvin',4,'Bgry. San Manuel'),(316,'Lindgren','Jarrell',2,'Bgry. Sicsican'),(317,'Skiles','Raul',2,'Bgry. Santa Monica'),(318,'Howell','Damon',6,'Brgy. San Jose'),(319,'Bergstrom','Elaina',6,'Brgy. Irawan'),(320,'Kuhic','Darlene',4,'Bgry. San Pedro'),(321,'Balistreri','Furman',2,'Bgry. Sicsican'),(322,'Hirthe','Sim',6,'Bgry. San Pedro'),(323,'Rutherford','Kylee',5,'Bgry. Tiniguiban'),(324,'Pfannerstill','Christian',4,'Brgy. Irawan'),(325,'Hammes','Dean',3,'Bgry. Tiniguiban'),(326,'Greenholt','Anita',6,'Bgry. Sicsican'),(327,'Fay','Mara',6,'Bgry. Santa Monica'),(328,'Johnson','Kay',4,'Brgy. San Jose'),(329,'Bechtelar','Dandre',5,'Bgry. Santa Monica'),(330,'West','Mable',6,'Brgy. Irawan'),(331,'Kshlerin','Glennie',5,'Bgry. Sicsican'),(332,'Barrows','Layne',3,'Bgry. Tiniguiban'),(333,'Bernier','Melba',4,'Brgy. Irawan'),(334,'Jacobs','Edmond',2,'Brgy. Irawan'),(335,'Barrows','Cassandra',4,'Brgy. Irawan'),(336,'Hand','Carroll',1,'Brgy. San Jose'),(337,'Wuckert','Vivian',3,'Bgry. Santa Monica'),(338,'Nikolaus','Megane',3,'Bgry. Tiniguiban'),(339,'Stamm','Minerva',3,'Bgry. Tiniguiban'),(340,'Turcotte','Nikki',3,'Bgry. Tiniguiban'),(341,'Windler','Noelia',2,'Brgy. San Jose'),(342,'Trantow','Dawn',5,'Brgy. Irawan'),(343,'Schiller','Chaim',6,'Bgry. Tiniguiban'),(344,'Oberbrunner','Simone',6,'Bgry. San Pedro'),(345,'Morissette','Rhett',4,'Brgy. Irawan'),(346,'Greenfelder','Antonietta',3,'Brgy. Irawan'),(347,'Rippin','Bernice',1,'Bgry. Sicsican'),(348,'Huel','Tyson',6,'Bgry. San Pedro'),(349,'Cole','Iliana',5,'Brgy. San Jose'),(350,'Mosciski','Erica',1,'Bgry. Sicsican'),(351,'Sanford','Wilber',2,'Brgy. Irawan'),(352,'Connelly','Glenda',3,'Brgy. San Jose'),(353,'Jast','Laurence',1,'Bgry. San Pedro'),(354,'Pfannerstill','Xzavier',2,'Bgry. San Pedro'),(355,'Schoen','Sandy',1,'Brgy. Irawan'),(356,'Schmidt','Hiram',5,'Bgry. Sicsican'),(357,'Graham','Ayla',5,'Bgry. Tiniguiban'),(358,'Smith','Briana',1,'Bgry. Tiniguiban'),(359,'Ratke','Zoe',6,'Brgy. San Jose'),(360,'Kreiger','Tatum',4,'Bgry. Sicsican'),(361,'Cole','Marianna',6,'Bgry. Tiniguiban'),(362,'Brown','Jacynthe',4,'Bgry. Tiniguiban'),(363,'Keeling','Lamar',1,'Bgry. Tiniguiban'),(364,'Metz','Joannie',3,'Bgry. San Manuel'),(365,'Zemlak','Pete',6,'Bgry. Santa Monica'),(366,'Rowe','Hillary',6,'Bgry. Santa Monica'),(367,'Simonis','Liana',6,'Bgry. San Pedro'),(368,'Larkin','Jamil',2,'Bgry. Sicsican'),(369,'Rosenbaum','Verna',5,'Bgry. San Pedro'),(370,'Ullrich','Thomas',6,'Brgy. Irawan'),(371,'Olson','Nicolette',6,'Brgy. Irawan'),(372,'Daugherty','Gia',3,'Bgry. Sicsican'),(373,'Keeling','Kaitlyn',5,'Bgry. Santa Monica'),(374,'Gorczany','Brown',3,'Bgry. Tiniguiban'),(375,'Friesen','Myrtice',5,'Bgry. Santa Monica'),(376,'McKenzie','Angie',1,'Bgry. San Manuel'),(377,'Herzog','Ford',4,'Brgy. San Jose'),(378,'Kris','Kaitlin',1,'Bgry. Santa Monica'),(379,'Schiller','Selina',5,'Bgry. San Pedro'),(380,'Bernier','Jada',4,'Brgy. Irawan'),(381,'Trantow','Katelynn',2,'Bgry. San Pedro'),(382,'Maggio','Norval',3,'Brgy. Irawan'),(383,'Mertz','Chelsey',4,'Bgry. Sicsican'),(384,'Davis','Jeanette',1,'Bgry. Tiniguiban'),(385,'Wehner','Billy',6,'Brgy. San Jose'),(386,'Becker','Chet',5,'Bgry. San Pedro'),(387,'Boyle','Vernie',2,'Bgry. Santa Monica'),(388,'Littel','Tressa',1,'Brgy. San Jose'),(389,'Romaguera','Marielle',6,'Bgry. San Manuel'),(390,'Lemke','Remington',2,'Bgry. Santa Monica'),(391,'Torp','Imogene',3,'Bgry. Tiniguiban'),(392,'Macejkovic','Vella',2,'Bgry. San Pedro'),(393,'Koelpin','Samson',4,'Bgry. Santa Monica'),(394,'Treutel','Cesar',5,'Brgy. Irawan'),(395,'Harris','Toney',6,'Bgry. Santa Monica'),(396,'Kris','Josue',2,'Bgry. Santa Monica'),(397,'Dooley','Marion',4,'Brgy. Irawan'),(398,'Legros','Kasandra',1,'Bgry. San Pedro'),(399,'Schulist','Flavie',5,'Bgry. Tiniguiban'),(400,'Jenkins','Josefina',2,'Bgry. San Pedro'),(401,'Ebert','Madilyn',4,'Bgry. Tiniguiban'),(402,'Halvorson','Forest',2,'Brgy. San Jose'),(403,'Schultz','Daniella',2,'Bgry. Tiniguiban'),(404,'Nienow','Amani',5,'Bgry. San Pedro'),(405,'Hettinger','Lera',6,'Bgry. Tiniguiban'),(406,'Bayer','Abdullah',6,'Brgy. San Jose'),(407,'Spinka','Alexys',1,'Bgry. Tiniguiban'),(408,'Lakin','Calista',2,'Bgry. San Pedro'),(409,'Tromp','Camryn',1,'Bgry. Tiniguiban'),(410,'Abbott','Kendra',5,'Brgy. Irawan'),(411,'Quigley','Rebeka',2,'Bgry. Tiniguiban'),(412,'Conn','Lambert',3,'Brgy. San Jose'),(413,'Towne','Domingo',5,'Brgy. San Jose'),(414,'Thiel','Gerard',4,'Brgy. Irawan'),(415,'Spinka','Roxane',4,'Bgry. San Manuel'),(416,'Stiedemann','Helene',3,'Bgry. Santa Monica'),(417,'Simonis','Regan',1,'Bgry. Santa Monica'),(418,'Brown','Christ',2,'Bgry. Santa Monica'),(419,'Pagac','Yessenia',4,'Brgy. Irawan'),(420,'Crist','Eleonore',6,'Bgry. San Manuel'),(421,'Schinner','Kip',3,'Bgry. San Manuel'),(422,'Dietrich','Isabella',1,'Bgry. Santa Monica'),(423,'Bogan','Alexandra',2,'Brgy. San Jose'),(424,'Anderson','Audra',2,'Bgry. Sicsican'),(425,'Bruen','Hiram',3,'Brgy. Irawan'),(426,'Bradtke','Jennings',2,'Bgry. Santa Monica'),(427,'Olson','Theresia',1,'Brgy. Irawan'),(428,'Walter','Ruth',4,'Bgry. San Manuel'),(429,'Reilly','Susan',5,'Bgry. San Pedro'),(430,'Pagac','Ardella',3,'Bgry. Tiniguiban'),(431,'Kub','Cyrus',4,'Brgy. Irawan'),(432,'Quitzon','Reid',1,'Bgry. Santa Monica'),(433,'Watsica','Ludwig',2,'Bgry. Tiniguiban'),(434,'Considine','Darren',4,'Brgy. Irawan'),(435,'Kuhic','Holly',3,'Bgry. Tiniguiban'),(436,'Quitzon','Gus',3,'Brgy. Irawan'),(437,'Schuppe','Norberto',3,'Brgy. San Jose'),(438,'Gleichner','Esperanza',5,'Bgry. San Manuel'),(439,'Jakubowski','Moshe',1,'Bgry. Santa Monica'),(440,'Hintz','Beth',6,'Bgry. Tiniguiban'),(441,'Grant','Josh',3,'Bgry. Sicsican'),(442,'Lind','Gerardo',4,'Bgry. Sicsican'),(443,'Walter','Margarette',1,'Brgy. Irawan'),(444,'Mante','Alek',4,'Brgy. Irawan'),(445,'Toy','Teagan',3,'Bgry. San Pedro'),(446,'Steuber','Keyshawn',6,'Bgry. Tiniguiban'),(447,'Jacobs','Kieran',2,'Bgry. Sicsican'),(448,'Torp','Darius',6,'Bgry. Santa Monica'),(449,'Jacobson','Mackenzie',3,'Bgry. San Manuel'),(450,'Osinski','Margarete',1,'Bgry. San Manuel'),(451,'Bins','Raphael',3,'Bgry. Sicsican'),(452,'Kutch','Shea',5,'Bgry. Santa Monica'),(453,'Wehner','Marisol',3,'Bgry. Santa Monica'),(454,'Hayes','Sunny',4,'Bgry. Santa Monica'),(455,'Bauch','Taya',3,'Brgy. Irawan'),(456,'Beatty','Ernestina',1,'Bgry. Sicsican'),(457,'Luettgen','Constantin',3,'Bgry. Tiniguiban'),(458,'Ernser','Morton',6,'Bgry. San Manuel'),(459,'Stroman','Ricky',5,'Bgry. Santa Monica'),(460,'Considine','Jamir',5,'Bgry. San Pedro'),(461,'Hamill','Jeffery',6,'Brgy. Irawan'),(462,'Barrows','Toby',2,'Bgry. San Manuel'),(463,'Rodriguez','Stuart',2,'Brgy. San Jose'),(464,'Cruickshank','Noemy',2,'Bgry. San Manuel'),(465,'Lebsack','Winona',1,'Bgry. San Pedro'),(466,'Gaylord','Dolly',6,'Bgry. Sicsican'),(467,'Boehm','Nakia',2,'Bgry. Sicsican'),(468,'Hartmann','Malcolm',1,'Bgry. Tiniguiban'),(469,'Corwin','Anika',1,'Bgry. San Pedro'),(470,'Tremblay','Jamel',4,'Bgry. Sicsican'),(471,'Stamm','Easton',3,'Bgry. San Manuel'),(472,'Witting','Adelia',5,'Bgry. Sicsican'),(473,'Schinner','Shanel',1,'Bgry. San Manuel'),(474,'Wilkinson','Jeffery',4,'Brgy. San Jose'),(475,'Koch','Reed',1,'Bgry. San Manuel'),(476,'Keeling','Francisca',3,'Bgry. Santa Monica'),(477,'Botsford','Trever',5,'Bgry. Sicsican'),(478,'Block','Earlene',2,'Bgry. San Manuel'),(479,'Cruickshank','Jordi',2,'Bgry. Santa Monica'),(480,'Strosin','Ora',3,'Bgry. San Pedro'),(481,'Wolf','Julie',4,'Bgry. Santa Monica'),(482,'Roberts','Darien',5,'Bgry. Santa Monica'),(483,'Koelpin','Mortimer',1,'Brgy. Irawan'),(484,'Kilback','Laverna',1,'Bgry. San Pedro'),(485,'Jakubowski','Laurie',5,'Brgy. Irawan'),(486,'Jaskolski','Sandy',3,'Brgy. Irawan'),(487,'Bechtelar','Collin',3,'Bgry. Tiniguiban'),(488,'Windler','Oswald',1,'Bgry. Santa Monica'),(489,'Schimmel','Elody',6,'Bgry. San Manuel'),(490,'Aufderhar','Amir',2,'Bgry. San Pedro'),(491,'Armstrong','Elena',1,'Brgy. San Jose'),(492,'Emard','Bonnie',1,'Bgry. Sicsican'),(493,'Anderson','German',5,'Bgry. Sicsican'),(494,'Aufderhar','Craig',3,'Bgry. Tiniguiban'),(495,'Hettinger','Britney',2,'Brgy. Irawan'),(496,'Welch','Kobe',3,'Bgry. Sicsican'),(497,'Bahringer','Loy',1,'Bgry. Sicsican'),(498,'Stiedemann','Ransom',6,'Bgry. Sicsican'),(499,'Hansen','Luisa',6,'Bgry. San Pedro'),(500,'Romaguera','Jerrold',3,'Brgy. Irawan'),(501,'Langworth','Brett',5,'Bgry. San Manuel'),(502,'Swift','Blaze',1,'Brgy. San Jose'),(503,'Flatley','Vidal',3,'Bgry. Tiniguiban'),(504,'Fritsch','Jonatan',6,'Bgry. Santa Monica'),(505,'Klein','Chester',3,'Bgry. San Manuel'),(506,'Lind','Jordi',1,'Bgry. Santa Monica'),(507,'Altenwerth','Darryl',1,'Brgy. Irawan'),(508,'Romaguera','Katlynn',6,'Bgry. Sicsican'),(509,'Harvey','Devyn',6,'Bgry. Tiniguiban'),(510,'Ebert','Hyman',4,'Bgry. Sicsican'),(511,'Walsh','Ryann',1,'Bgry. Sicsican'),(512,'Hartmann','Ramiro',2,'Bgry. Santa Monica'),(513,'Friesen','Giuseppe',2,'Bgry. San Manuel'),(514,'Turcotte','Marley',6,'Bgry. San Pedro'),(515,'D\'Amore','Kamron',4,'Bgry. San Pedro'),(516,'Adams','Darrel',2,'Brgy. San Jose'),(517,'Altenwerth','Rachelle',1,'Brgy. San Jose'),(518,'Green','Hallie',6,'Brgy. Irawan'),(519,'Spencer','Vicente',4,'Bgry. Tiniguiban'),(520,'Jast','Chanelle',4,'Bgry. San Manuel'),(521,'Considine','Jazmyn',4,'Brgy. San Jose'),(522,'Schmidt','Madison',1,'Bgry. San Manuel'),(523,'Armstrong','Mike',3,'Brgy. Irawan'),(524,'Marquardt','Deanna',2,'Bgry. Tiniguiban'),(525,'Doyle','Ferne',2,'Bgry. Tiniguiban'),(526,'Runolfsdottir','Eleonore',1,'Bgry. San Manuel'),(527,'Tromp','Abelardo',4,'Brgy. Irawan'),(528,'Robel','Lloyd',1,'Bgry. Santa Monica'),(529,'Senger','Trace',3,'Bgry. San Manuel'),(530,'Murphy','Ryley',6,'Bgry. Sicsican'),(531,'Predovic','Stacey',6,'Bgry. Sicsican'),(532,'Klein','Laney',1,'Bgry. Tiniguiban'),(533,'Kuhlman','Leanna',1,'Bgry. Sicsican'),(534,'Towne','Herta',2,'Bgry. Tiniguiban'),(535,'Schumm','Rossie',2,'Brgy. Irawan'),(536,'O\'Connell','Lelah',6,'Brgy. Irawan'),(537,'Kozey','Cody',4,'Brgy. Irawan'),(538,'Upton','Queen',4,'Bgry. Santa Monica'),(539,'Lehner','Suzanne',4,'Brgy. San Jose'),(540,'Huels','Alessandra',3,'Brgy. Irawan'),(541,'Hane','Guiseppe',6,'Bgry. San Pedro'),(542,'Medhurst','Manley',2,'Brgy. Irawan'),(543,'Reichel','Cali',3,'Bgry. Tiniguiban'),(544,'Muller','Edyth',4,'Bgry. San Manuel'),(545,'Mertz','Earnestine',6,'Bgry. San Pedro'),(546,'Sanford','Domenick',3,'Bgry. San Pedro'),(547,'Hettinger','Buster',4,'Brgy. Irawan'),(548,'Cartwright','Angelita',5,'Brgy. Irawan'),(549,'Simonis','Frieda',2,'Bgry. Santa Monica'),(550,'Hermiston','Rudy',6,'Brgy. San Jose'),(551,'Ebert','Talia',2,'Bgry. San Pedro'),(552,'Osinski','Shad',2,'Brgy. San Jose'),(553,'Rosenbaum','Juliana',6,'Bgry. Sicsican'),(554,'Hoppe','Kattie',3,'Bgry. Tiniguiban'),(555,'Batz','Kolby',3,'Bgry. San Pedro'),(556,'Goyette','Vicenta',2,'Brgy. San Jose'),(557,'Krajcik','Rosalind',2,'Bgry. San Manuel'),(558,'Veum','Seth',1,'Bgry. San Manuel'),(559,'Spencer','Josh',1,'Brgy. San Jose'),(560,'Schoen','Joan',3,'Brgy. Irawan'),(561,'Pacocha','Alia',1,'Brgy. San Jose'),(562,'Yost','Glenna',5,'Brgy. Irawan'),(563,'Altenwerth','Annabelle',1,'Bgry. Santa Monica'),(564,'Hudson','Unique',3,'Bgry. Santa Monica'),(565,'Huels','Allen',1,'Brgy. San Jose'),(566,'Walker','Mallie',4,'Brgy. San Jose'),(567,'Tremblay','Mohamed',5,'Brgy. San Jose'),(568,'Hand','Jacinthe',5,'Bgry. Sicsican'),(569,'Goldner','Floyd',6,'Brgy. Irawan'),(570,'Rosenbaum','Loma',2,'Brgy. San Jose'),(571,'O\'Kon','Quinton',1,'Bgry. Sicsican'),(572,'Marquardt','Darron',6,'Bgry. Sicsican'),(573,'Walter','Stephan',1,'Bgry. Sicsican'),(574,'Konopelski','Phoebe',3,'Bgry. Tiniguiban'),(575,'Kunde','Bailey',1,'Bgry. San Manuel'),(576,'Abbott','Liliana',1,'Brgy. San Jose'),(577,'Pollich','Nikita',4,'Bgry. Santa Monica'),(578,'O\'Reilly','Dayana',4,'Brgy. Irawan'),(579,'Zboncak','Cortney',4,'Bgry. San Manuel'),(580,'Lesch','Rose',5,'Bgry. Sicsican'),(581,'Sawayn','Kaci',4,'Bgry. San Pedro'),(582,'Fisher','Haskell',3,'Bgry. San Manuel'),(583,'Durgan','Kaylie',5,'Brgy. San Jose'),(584,'White','Rachelle',2,'Brgy. Irawan'),(585,'Wintheiser','Jaqueline',1,'Bgry. Sicsican'),(586,'Schultz','Kaycee',1,'Bgry. San Manuel'),(587,'Gislason','Stevie',6,'Bgry. Tiniguiban'),(588,'Hackett','Destinee',6,'Bgry. Tiniguiban'),(589,'Robel','Branson',2,'Bgry. Santa Monica'),(590,'Harris','Doug',1,'Brgy. San Jose'),(591,'Morar','Orlo',2,'Bgry. Tiniguiban'),(592,'O\'Kon','Sally',5,'Bgry. Santa Monica'),(593,'DuBuque','Domenica',3,'Bgry. San Pedro'),(594,'Barrows','Lambert',3,'Bgry. Tiniguiban'),(595,'Reynolds','Nikki',1,'Brgy. Irawan'),(596,'Kihn','Emmie',6,'Bgry. Tiniguiban'),(597,'Koch','Dax',5,'Bgry. San Pedro'),(598,'Cronin','Matt',3,'Bgry. Santa Monica'),(599,'Grady','Fred',1,'Bgry. Sicsican'),(600,'Powlowski','Llewellyn',1,'Bgry. Sicsican'),(601,'Bergnaum','Clifford',2,'Brgy. Irawan'),(602,'Kuhlman','Santino',1,'Bgry. Santa Monica'),(603,'Turner','Margie',4,'Bgry. Tiniguiban'),(604,'Skiles','Lukas',6,'Bgry. San Manuel'),(605,'Farrell','Modesto',4,'Bgry. Sicsican'),(606,'Roob','Coralie',6,'Bgry. Sicsican'),(607,'Nitzsche','Harley',6,'Bgry. San Pedro'),(608,'Sanford','Willa',4,'Bgry. Tiniguiban'),(609,'Wuckert','Kamryn',5,'Brgy. Irawan'),(610,'Grant','Sophie',2,'Bgry. San Pedro'),(611,'Ward','Eunice',6,'Bgry. Sicsican'),(612,'Harber','Britney',5,'Bgry. Tiniguiban'),(613,'Lubowitz','Rogers',4,'Bgry. Tiniguiban'),(614,'Schmidt','Trevion',2,'Brgy. Irawan'),(615,'Balistreri','Linda',3,'Brgy. San Jose'),(616,'Torp','Colten',2,'Brgy. Irawan'),(617,'Hintz','Christy',3,'Brgy. San Jose'),(618,'Hermann','Aglae',2,'Brgy. San Jose'),(619,'Harris','Yasmin',2,'Brgy. Irawan'),(620,'Douglas','Lamont',3,'Bgry. San Manuel'),(621,'Morissette','Chanelle',2,'Brgy. San Jose'),(622,'Schaefer','Adolph',2,'Bgry. Tiniguiban'),(623,'Crooks','Bennie',6,'Brgy. Irawan'),(624,'Thompson','Emelia',2,'Bgry. Sicsican'),(625,'Simonis','Yolanda',6,'Bgry. San Manuel'),(626,'Halvorson','Alexanne',5,'Brgy. Irawan'),(627,'Schiller','Zane',2,'Brgy. Irawan'),(628,'Hahn','Earnest',4,'Bgry. Tiniguiban'),(629,'Beahan','Merl',5,'Brgy. Irawan'),(630,'Zulauf','Iliana',5,'Bgry. Sicsican'),(631,'Von','Elwin',2,'Bgry. San Pedro'),(632,'Tillman','Delores',3,'Bgry. San Pedro'),(633,'Lueilwitz','Beaulah',6,'Brgy. San Jose'),(634,'Baumbach','Barbara',5,'Bgry. San Pedro'),(635,'Grady','Carleton',2,'Bgry. San Manuel'),(636,'Wisozk','Mireya',6,'Bgry. Tiniguiban'),(637,'Roberts','Maximus',4,'Bgry. San Manuel'),(638,'Stracke','Lamont',2,'Brgy. Irawan'),(639,'Auer','Francesco',2,'Bgry. Santa Monica'),(640,'Bechtelar','Elva',4,'Brgy. San Jose'),(641,'Wunsch','Jazmyn',5,'Bgry. Santa Monica'),(642,'Kutch','Kristin',6,'Bgry. Sicsican'),(643,'Raynor','Frederic',2,'Bgry. Santa Monica'),(644,'McLaughlin','Bill',3,'Bgry. San Manuel'),(645,'Graham','Urban',3,'Bgry. San Manuel'),(646,'Lowe','Stewart',4,'Bgry. Tiniguiban'),(647,'Wuckert','Isabel',5,'Brgy. Irawan'),(648,'Moore','Ola',3,'Brgy. Irawan'),(649,'Dietrich','Maggie',6,'Bgry. Tiniguiban'),(650,'Yost','Karli',1,'Bgry. Santa Monica'),(651,'Jacobs','Rafaela',3,'Bgry. San Manuel'),(652,'Kreiger','Adaline',2,'Bgry. Santa Monica'),(653,'Hermiston','Alek',6,'Bgry. Tiniguiban'),(654,'Bergstrom','Malachi',2,'Brgy. Irawan'),(655,'Littel','Ransom',3,'Bgry. San Pedro'),(656,'Wisoky','Mathew',4,'Bgry. San Pedro'),(657,'Bosco','Uriel',4,'Bgry. San Manuel'),(658,'Keebler','Morgan',5,'Bgry. San Manuel'),(659,'Gerhold','Lilla',1,'Brgy. San Jose'),(660,'Ryan','Margie',4,'Bgry. Tiniguiban'),(661,'Quigley','Rose',2,'Brgy. San Jose'),(662,'Crist','Haleigh',1,'Bgry. Tiniguiban'),(663,'Conroy','Karl',6,'Brgy. Irawan'),(664,'Tremblay','Darlene',1,'Bgry. San Pedro'),(665,'McKenzie','Robyn',3,'Bgry. Tiniguiban'),(666,'Hill','Titus',5,'Bgry. Sicsican'),(667,'Huels','Haven',3,'Brgy. Irawan'),(668,'Blanda','Einar',3,'Brgy. San Jose'),(669,'Bailey','Maria',6,'Bgry. Santa Monica'),(670,'Heller','Dorthy',5,'Bgry. San Pedro'),(671,'Wolf','Joy',5,'Brgy. Irawan'),(672,'Stamm','Mackenzie',1,'Brgy. Irawan'),(673,'McGlynn','Destini',3,'Bgry. Santa Monica'),(674,'Fadel','Leonard',3,'Bgry. San Manuel'),(675,'Cruickshank','Linnie',6,'Brgy. San Jose'),(676,'Cartwright','Domenick',2,'Brgy. Irawan'),(677,'Aufderhar','Israel',5,'Bgry. Santa Monica'),(678,'Stiedemann','Consuelo',2,'Brgy. Irawan'),(679,'Koch','Meghan',1,'Brgy. San Jose'),(680,'Beer','Willard',6,'Brgy. San Jose'),(681,'Carter','Reynold',2,'Bgry. Santa Monica'),(682,'Torphy','Alexie',3,'Bgry. San Pedro'),(683,'Gerlach','Michelle',5,'Bgry. Sicsican'),(684,'Larson','Chester',1,'Brgy. Irawan'),(685,'Tillman','Tony',2,'Bgry. Sicsican'),(686,'Maggio','Devante',6,'Bgry. Tiniguiban'),(687,'Stokes','Susie',4,'Bgry. Sicsican'),(688,'Wisoky','Nora',3,'Bgry. Santa Monica'),(689,'Thompson','Will',1,'Bgry. San Pedro'),(690,'Beatty','Leanne',3,'Bgry. Santa Monica'),(691,'Fisher','Laura',3,'Bgry. Sicsican'),(692,'Jones','Luella',5,'Brgy. San Jose'),(693,'Russel','Willow',4,'Bgry. San Pedro'),(694,'Heathcote','Leilani',1,'Brgy. Irawan'),(695,'Bogan','Evie',5,'Bgry. San Manuel'),(696,'Beer','Clara',4,'Brgy. San Jose'),(697,'Herman','Jared',4,'Bgry. Santa Monica'),(698,'Block','Myrtis',2,'Bgry. San Manuel'),(699,'Stamm','Broderick',4,'Brgy. San Jose'),(700,'Towne','Alize',4,'Bgry. San Pedro'),(701,'Smith','Ashley',6,'Bgry. San Pedro'),(702,'McClure','Hank',6,'Brgy. San Jose'),(703,'Langworth','Dusty',1,'Bgry. Tiniguiban'),(704,'Moore','Ahmad',1,'Brgy. Irawan'),(705,'Mitchell','Chaim',2,'Bgry. Sicsican'),(706,'Bednar','Miles',2,'Bgry. Santa Monica'),(707,'Koss','Breanne',5,'Bgry. Santa Monica'),(708,'Berge','Beulah',5,'Brgy. San Jose'),(709,'Walter','Randi',1,'Bgry. San Pedro'),(710,'Wilkinson','Keven',1,'Brgy. Irawan'),(711,'Nitzsche','Edna',6,'Bgry. Tiniguiban'),(712,'Schuster','Adelbert',5,'Brgy. San Jose'),(713,'Kuhic','Alivia',5,'Bgry. San Pedro'),(714,'Turcotte','Hellen',5,'Bgry. Sicsican'),(715,'Kilback','Meagan',3,'Bgry. San Pedro'),(716,'Nolan','Jerald',4,'Brgy. San Jose'),(717,'Hand','Emelia',6,'Bgry. Santa Monica'),(718,'Eichmann','Constantin',4,'Bgry. Santa Monica'),(719,'Lindgren','Louvenia',3,'Bgry. Sicsican'),(720,'Toy','Mariana',4,'Bgry. Tiniguiban'),(721,'Wiegand','Laisha',1,'Bgry. Santa Monica'),(722,'Hoeger','Rebeka',3,'Brgy. Irawan'),(723,'Smith','Scarlett',2,'Bgry. San Pedro'),(724,'Hyatt','Reuben',5,'Bgry. San Manuel'),(725,'Hermann','Vance',5,'Bgry. San Pedro'),(726,'Buckridge','Joan',1,'Bgry. San Pedro'),(727,'Crist','Khalid',6,'Bgry. San Manuel'),(728,'Monahan','Kamren',2,'Bgry. San Manuel'),(729,'White','Loyce',6,'Bgry. Santa Monica'),(730,'Torp','Angel',6,'Bgry. San Pedro'),(731,'Lueilwitz','Angeline',6,'Bgry. Sicsican'),(732,'Crist','Ignacio',3,'Brgy. Irawan'),(733,'West','Lyla',1,'Bgry. Santa Monica'),(734,'Nader','Ocie',5,'Bgry. Tiniguiban'),(735,'Ruecker','Abel',1,'Bgry. Tiniguiban'),(736,'Kshlerin','Dixie',4,'Bgry. Santa Monica'),(737,'Towne','Lucious',4,'Bgry. San Manuel'),(738,'Satterfield','Patrick',3,'Brgy. San Jose'),(739,'Greenfelder','Rowland',2,'Brgy. Irawan'),(740,'Powlowski','Annabell',6,'Brgy. San Jose'),(741,'DuBuque','Enola',5,'Bgry. Santa Monica'),(742,'Barton','Clarabelle',2,'Brgy. Irawan'),(743,'Lesch','Dewayne',3,'Bgry. San Manuel'),(744,'Kreiger','Theo',6,'Brgy. Irawan'),(745,'Franecki','Lawrence',4,'Bgry. Tiniguiban'),(746,'Fay','Maybell',4,'Brgy. San Jose'),(747,'Sanford','Gabe',3,'Bgry. San Pedro'),(748,'Stamm','Myrna',5,'Bgry. San Pedro'),(749,'Rosenbaum','Gunner',2,'Bgry. San Pedro'),(750,'Kerluke','Merle',6,'Brgy. San Jose'),(751,'Cormier','Olin',4,'Bgry. Tiniguiban'),(752,'Murray','Francisco',6,'Bgry. San Pedro'),(753,'Stark','Marie',6,'Bgry. Sicsican'),(754,'Abshire','Cory',6,'Brgy. Irawan'),(755,'Schaden','Kailee',3,'Bgry. Sicsican'),(756,'Daugherty','Arely',2,'Bgry. Santa Monica'),(757,'O\'Keefe','Stan',3,'Bgry. San Manuel'),(758,'Wilkinson','Lottie',6,'Bgry. Tiniguiban'),(759,'Roberts','Reanna',4,'Bgry. Tiniguiban'),(760,'Robel','Allison',1,'Brgy. Irawan'),(761,'Beatty','Beulah',6,'Brgy. San Jose'),(762,'Brekke','Nannie',2,'Bgry. San Manuel'),(763,'Kerluke','Amber',1,'Bgry. Tiniguiban'),(764,'D\'Amore','Michaela',6,'Bgry. San Pedro'),(765,'Jones','Mariana',2,'Bgry. San Manuel'),(766,'Buckridge','Buster',1,'Bgry. San Manuel'),(767,'West','Warren',1,'Bgry. Sicsican'),(768,'Balistreri','Alverta',5,'Bgry. San Pedro'),(769,'Kunde','Scottie',3,'Brgy. Irawan'),(770,'Runte','Gabriel',1,'Bgry. Santa Monica'),(771,'Ratke','Reanna',4,'Bgry. Tiniguiban'),(772,'Schuppe','Chloe',5,'Brgy. Irawan'),(773,'Prosacco','Hershel',1,'Brgy. San Jose'),(774,'Lueilwitz','Theresia',6,'Brgy. Irawan'),(775,'Schinner','Jordon',5,'Bgry. Sicsican'),(776,'Haley','Eve',6,'Bgry. Sicsican'),(777,'Grant','Scotty',4,'Bgry. San Manuel'),(778,'Dach','Milan',2,'Brgy. San Jose'),(779,'Murazik','Shanny',2,'Bgry. Tiniguiban'),(780,'Barrows','Emmie',2,'Bgry. Santa Monica'),(781,'McClure','Evans',6,'Bgry. San Pedro'),(782,'Reichel','Randy',5,'Brgy. Irawan'),(783,'Pfannerstill','Haylee',6,'Bgry. Tiniguiban'),(784,'Nitzsche','Jaren',6,'Bgry. Tiniguiban'),(785,'Heller','Hardy',4,'Brgy. San Jose'),(786,'Orn','Cathrine',3,'Brgy. San Jose'),(787,'Carter','Ford',3,'Brgy. Irawan'),(788,'Daniel','Dean',2,'Bgry. Tiniguiban'),(789,'Rath','Sven',3,'Bgry. San Pedro'),(790,'Romaguera','Glenda',1,'Bgry. Sicsican'),(791,'Veum','Penelope',1,'Bgry. San Pedro'),(792,'Gaylord','Celine',4,'Bgry. Sicsican'),(793,'Runolfsdottir','Lelah',2,'Bgry. Santa Monica'),(794,'Littel','Diamond',5,'Brgy. Irawan'),(795,'Stroman','Hosea',3,'Bgry. San Manuel'),(796,'Schultz','Gonzalo',3,'Bgry. Santa Monica'),(797,'O\'Reilly','Casimir',1,'Brgy. Irawan'),(798,'Harris','Buddy',1,'Brgy. Irawan'),(799,'Gleichner','Ana',3,'Brgy. San Jose'),(800,'Dickens','Norval',1,'Bgry. Sicsican'),(801,'McCullough','Eveline',6,'Bgry. Tiniguiban'),(802,'Ryan','Sydni',4,'Brgy. San Jose'),(803,'Bechtelar','Wiley',1,'Bgry. Tiniguiban'),(804,'O\'Hara','Cortney',4,'Bgry. San Manuel'),(805,'Dach','Pierce',3,'Bgry. San Pedro'),(806,'Wehner','Alva',6,'Bgry. San Pedro'),(807,'Moore','Mckayla',6,'Brgy. San Jose'),(808,'Walsh','Spencer',4,'Bgry. Tiniguiban'),(809,'Cruickshank','Marie',3,'Bgry. Santa Monica'),(810,'Murazik','Javonte',6,'Brgy. Irawan'),(811,'Hegmann','Darby',4,'Bgry. Santa Monica'),(812,'Hammes','Brent',2,'Bgry. San Manuel'),(813,'Kautzer','Tyrese',5,'Bgry. San Manuel'),(814,'Sporer','Vallie',4,'Bgry. Santa Monica'),(815,'Collins','Kari',3,'Bgry. San Pedro'),(816,'Goldner','Polly',3,'Brgy. San Jose'),(817,'Deckow','Cara',5,'Brgy. Irawan'),(818,'Reinger','Karli',3,'Bgry. San Pedro'),(819,'Terry','Cullen',4,'Bgry. Tiniguiban'),(820,'Schuppe','Kyle',6,'Bgry. Sicsican'),(821,'Franecki','Alia',4,'Bgry. San Manuel'),(822,'Murphy','Misael',5,'Brgy. Irawan'),(823,'Gorczany','Manuel',5,'Bgry. San Manuel'),(824,'Shields','Leila',2,'Brgy. Irawan'),(825,'Terry','Dessie',4,'Bgry. Sicsican'),(826,'Schamberger','Arvid',5,'Brgy. San Jose'),(827,'Beahan','Lawrence',2,'Brgy. Irawan'),(828,'Hahn','Corbin',3,'Bgry. Tiniguiban'),(829,'Heaney','Urban',1,'Bgry. Tiniguiban'),(830,'Watsica','Stanley',2,'Brgy. Irawan'),(831,'Stark','Winfield',1,'Bgry. Tiniguiban'),(832,'Barrows','Eleanora',3,'Bgry. San Manuel'),(833,'Wolff','Evie',4,'Bgry. Santa Monica'),(834,'Conn','Zita',4,'Bgry. Tiniguiban'),(835,'Marvin','Furman',3,'Brgy. San Jose'),(836,'Kulas','Elody',2,'Bgry. San Pedro'),(837,'Lind','Hunter',5,'Bgry. Sicsican'),(838,'Halvorson','Susie',4,'Bgry. San Manuel'),(839,'Miller','Sonia',3,'Bgry. San Manuel'),(840,'Schimmel','Brenda',3,'Brgy. Irawan'),(841,'Gutmann','Deon',2,'Bgry. Tiniguiban'),(842,'Gusikowski','Marcelino',1,'Brgy. San Jose'),(843,'Simonis','Danielle',6,'Bgry. Tiniguiban'),(844,'Cummerata','Mayra',2,'Bgry. Tiniguiban'),(845,'Walter','Hester',2,'Bgry. San Manuel'),(846,'Wilkinson','Arnulfo',5,'Bgry. San Pedro'),(847,'Leannon','Leonardo',6,'Bgry. Santa Monica'),(848,'McCullough','Myles',6,'Brgy. Irawan'),(849,'Jakubowski','Gail',4,'Brgy. Irawan'),(850,'King','Meagan',6,'Bgry. San Pedro'),(851,'Koelpin','Martina',1,'Bgry. San Pedro'),(852,'Dibbert','Estevan',1,'Bgry. Tiniguiban'),(853,'Schneider','Norberto',5,'Bgry. Sicsican'),(854,'Ratke','Chandler',1,'Bgry. Tiniguiban'),(855,'Jacobs','Gerhard',1,'Bgry. Sicsican'),(856,'Dibbert','Gene',2,'Bgry. Sicsican'),(857,'Hamill','Kennedi',4,'Bgry. San Manuel'),(858,'Smith','Noah',3,'Brgy. San Jose'),(859,'Stehr','Lilliana',5,'Bgry. Sicsican'),(860,'Schneider','Alexys',5,'Brgy. Irawan'),(861,'Borer','Kiara',3,'Bgry. San Manuel'),(862,'Conn','Ernest',6,'Brgy. San Jose'),(863,'Kuhn','Ken',4,'Brgy. San Jose'),(864,'Schoen','Natasha',4,'Bgry. Tiniguiban'),(865,'Runolfsson','Charlotte',1,'Bgry. Sicsican'),(866,'Heller','Dillan',2,'Bgry. San Manuel'),(867,'Treutel','Ardella',2,'Brgy. San Jose'),(868,'Cole','Allene',3,'Brgy. Irawan'),(869,'Reilly','Sabryna',5,'Bgry. Santa Monica'),(870,'Hammes','Donna',2,'Bgry. San Manuel'),(871,'McClure','Myrna',4,'Bgry. San Manuel'),(872,'Kunze','Alba',5,'Bgry. Santa Monica'),(873,'Jerde','Izabella',3,'Bgry. Santa Monica'),(874,'Ryan','Ricky',5,'Bgry. Sicsican'),(875,'O\'Hara','Turner',1,'Bgry. Tiniguiban'),(876,'Corkery','Domingo',5,'Bgry. San Pedro'),(877,'Hahn','Kaylee',6,'Bgry. Sicsican'),(878,'Larkin','Gordon',6,'Bgry. Sicsican'),(879,'Mills','Ariel',5,'Bgry. Sicsican'),(880,'Ledner','Scarlett',2,'Brgy. Irawan'),(881,'Stiedemann','Michelle',5,'Brgy. San Jose'),(882,'Gleason','Bryce',4,'Brgy. San Jose'),(883,'Brakus','Amie',6,'Bgry. San Pedro'),(884,'Satterfield','Cale',3,'Bgry. Santa Monica'),(885,'McLaughlin','Aurelie',2,'Brgy. Irawan'),(886,'Hickle','Paul',4,'Brgy. Irawan'),(887,'Homenick','Maynard',3,'Bgry. San Pedro'),(888,'Casper','Nannie',6,'Bgry. Santa Monica'),(889,'Schuppe','Trinity',5,'Bgry. Tiniguiban'),(890,'Bradtke','Dora',4,'Bgry. Sicsican'),(891,'Hayes','Alena',3,'Bgry. Sicsican'),(892,'Hudson','Dena',5,'Brgy. San Jose'),(893,'Jacobson','Deion',1,'Bgry. Santa Monica'),(894,'Bosco','Kieran',6,'Brgy. San Jose'),(895,'Littel','Jada',6,'Bgry. Sicsican'),(896,'Goyette','Josephine',5,'Bgry. Tiniguiban'),(897,'Borer','Isaiah',1,'Bgry. Tiniguiban'),(898,'Deckow','Ronaldo',3,'Brgy. Irawan'),(899,'Collins','Hans',2,'Bgry. Sicsican'),(900,'Bartell','Myriam',5,'Brgy. San Jose'),(901,'Runolfsdottir','Veronica',3,'Bgry. Tiniguiban'),(902,'Jacobson','Keon',2,'Brgy. San Jose'),(903,'Senger','Yvonne',3,'Bgry. Santa Monica'),(904,'Morissette','Jeremie',5,'Bgry. Tiniguiban'),(905,'Feeney','Amelia',3,'Bgry. Sicsican'),(906,'Schaden','Robbie',6,'Bgry. Sicsican'),(907,'Rath','Alfred',1,'Bgry. Tiniguiban'),(908,'Wilderman','Jabari',4,'Bgry. San Manuel'),(909,'Marvin','Jalon',5,'Brgy. San Jose'),(910,'Haag','Darby',4,'Brgy. San Jose'),(911,'Boyle','Mary',5,'Brgy. Irawan'),(912,'Feeney','Angelo',2,'Bgry. San Manuel'),(913,'Reichel','Adam',4,'Bgry. San Pedro'),(914,'Hammes','Melba',2,'Bgry. San Pedro'),(915,'Skiles','Randal',5,'Brgy. Irawan'),(916,'Rogahn','Rose',2,'Bgry. San Pedro'),(917,'Feeney','Hellen',1,'Bgry. Sicsican'),(918,'Deckow','Lilla',3,'Bgry. San Manuel'),(919,'Kulas','Helena',6,'Bgry. San Pedro'),(920,'Ritchie','Dylan',5,'Bgry. Santa Monica'),(921,'Klocko','Lindsey',2,'Bgry. Santa Monica'),(922,'McKenzie','Jeanie',1,'Bgry. San Manuel'),(923,'Maggio','Jordane',2,'Bgry. San Pedro'),(924,'DuBuque','Margaret',5,'Brgy. San Jose'),(925,'Little','Kellen',1,'Bgry. Tiniguiban'),(926,'Klein','Marcelle',2,'Brgy. San Jose'),(927,'Ortiz','Kasey',1,'Brgy. Irawan'),(928,'Harvey','Junior',2,'Bgry. San Pedro'),(929,'Barrows','Jermey',1,'Bgry. San Manuel'),(930,'Hermann','Triston',1,'Brgy. San Jose'),(931,'O\'Kon','Reina',5,'Brgy. Irawan'),(932,'Gusikowski','Serena',3,'Bgry. San Pedro'),(933,'Hudson','Micaela',2,'Bgry. San Pedro'),(934,'Hudson','Bulah',3,'Bgry. San Manuel'),(935,'Ziemann','Flavie',1,'Bgry. Santa Monica'),(936,'Haag','Oda',4,'Bgry. San Pedro'),(937,'Nader','Jeffry',1,'Brgy. San Jose'),(938,'McCullough','Millie',2,'Bgry. Santa Monica'),(939,'Waelchi','Tyson',1,'Bgry. Tiniguiban'),(940,'VonRueden','Coleman',5,'Bgry. Santa Monica'),(941,'Johnson','Devyn',2,'Bgry. San Pedro'),(942,'Jakubowski','Kadin',5,'Brgy. San Jose'),(943,'McClure','Margarett',6,'Bgry. Tiniguiban'),(944,'Flatley','Edmund',3,'Bgry. San Pedro'),(945,'Kertzmann','Ellsworth',2,'Bgry. Sicsican'),(946,'Schowalter','Elisabeth',1,'Bgry. San Manuel'),(947,'Romaguera','Kellie',3,'Bgry. Tiniguiban'),(948,'Schamberger','Austen',6,'Bgry. Santa Monica'),(949,'Torp','Verda',3,'Bgry. Sicsican'),(950,'Hettinger','Oliver',3,'Bgry. Tiniguiban'),(951,'Zulauf','Barney',3,'Bgry. Tiniguiban'),(952,'DuBuque','Tomas',5,'Bgry. San Manuel'),(953,'Zieme','Maynard',1,'Bgry. San Pedro'),(954,'Gutmann','Leone',1,'Bgry. San Manuel'),(955,'Smitham','Merritt',2,'Bgry. Santa Monica'),(956,'McCullough','Jalyn',3,'Brgy. San Jose'),(957,'Sauer','Arjun',3,'Bgry. San Pedro'),(958,'Johnston','Amy',5,'Bgry. Sicsican'),(959,'Torphy','Lelia',4,'Bgry. Tiniguiban'),(960,'Halvorson','Fredy',4,'Bgry. Sicsican'),(961,'Lang','Ericka',2,'Bgry. Santa Monica'),(962,'Koss','Alexandria',4,'Bgry. San Pedro'),(963,'Brown','Marvin',3,'Brgy. San Jose'),(964,'Wehner','Justine',2,'Bgry. San Manuel'),(965,'Pacocha','Larry',6,'Bgry. Santa Monica'),(966,'Jacobson','Yoshiko',3,'Brgy. San Jose'),(967,'McGlynn','Vilma',4,'Bgry. San Pedro'),(968,'Dach','Eugene',5,'Brgy. San Jose'),(969,'Gottlieb','Kaitlyn',5,'Brgy. San Jose'),(970,'Feest','Louie',1,'Bgry. Santa Monica'),(971,'Mohr','Lavonne',3,'Bgry. San Pedro'),(972,'Lang','Jameson',5,'Bgry. Tiniguiban'),(973,'Stanton','Levi',3,'Brgy. San Jose'),(974,'Padberg','Odie',6,'Bgry. Santa Monica'),(975,'Lowe','Jaida',5,'Brgy. San Jose'),(976,'Pagac','Annalise',2,'Bgry. Tiniguiban'),(977,'Gibson','Prudence',3,'Bgry. Sicsican'),(978,'Howe','Susie',6,'Bgry. San Manuel'),(979,'Abbott','Grace',1,'Brgy. San Jose'),(980,'Boyer','Shanny',6,'Bgry. Santa Monica'),(981,'Turner','Armand',5,'Bgry. Tiniguiban'),(982,'Ebert','Marley',2,'Brgy. Irawan'),(983,'Ruecker','Heidi',3,'Bgry. Santa Monica'),(984,'Kautzer','Aimee',5,'Bgry. Santa Monica'),(985,'McKenzie','Rylan',3,'Bgry. Tiniguiban'),(986,'Greenholt','Mittie',4,'Bgry. San Manuel'),(987,'Effertz','Ansel',6,'Bgry. San Manuel'),(988,'Feest','Daphnee',3,'Bgry. San Pedro'),(989,'Lakin','Dasia',1,'Bgry. Tiniguiban'),(990,'Weissnat','Jayce',5,'Bgry. San Manuel'),(991,'Nolan','Laurence',3,'Bgry. San Manuel'),(992,'Bernhard','Ramon',2,'Bgry. San Pedro'),(993,'Jones','Ayana',1,'Bgry. San Pedro'),(994,'Upton','Rylee',6,'Bgry. San Manuel'),(995,'Schneider','Annette',6,'Brgy. Irawan'),(996,'Reynolds','Tate',4,'Bgry. San Pedro'),(997,'Auer','Hunter',5,'Bgry. Santa Monica'),(998,'Kihn','Arnulfo',5,'Brgy. San Jose'),(999,'Metz','Mariam',1,'Bgry. Tiniguiban'),(1000,'Jacobson','Nathanial',2,'Bgry. Tiniguiban'),(1001,'Cummerata','Kayden',6,'Bgry. Tiniguiban'),(1002,'Bednar','Jennyfer',2,'Bgry. Santa Monica'),(1003,'Greenfelder','Zoila',5,'Bgry. San Manuel'),(1004,'Conroy','Hubert',6,'Bgry. San Manuel'),(1005,'Rowe','Keshaun',3,'Brgy. San Jose'),(1006,'Boehm','Orville',4,'Brgy. Irawan'),(1007,'Braun','Giles',1,'Bgry. San Pedro'),(1008,'Hauck','Noemie',1,'Brgy. Irawan'),(1009,'Leuschke','Lavada',2,'Bgry. San Pedro'),(1010,'Strosin','Assunta',2,'Bgry. San Pedro'),(1011,'Spinka','Tiara',1,'Brgy. Irawan'),(1012,'Cartwright','Ayden',5,'Bgry. San Pedro'),(1013,'Becker','Zachariah',3,'Bgry. Santa Monica'),(1014,'Hills','Christine',6,'Bgry. Tiniguiban'),(1015,'Cassin','Aaliyah',3,'Bgry. San Manuel'),(1016,'Rodriguez','Joshua',4,'Bgry. Sicsican'),(1017,'Simonis','Adriel',2,'Bgry. Tiniguiban'),(1018,'Jacobs','Jayson',6,'Bgry. San Pedro'),(1019,'Rolfson','Tommie',4,'Bgry. San Manuel'),(1020,'Hackett','Toby',3,'Bgry. Santa Monica'),(1021,'Hintz','Adelbert',3,'Bgry. Tiniguiban'),(1022,'Reinger','Arnaldo',4,'Bgry. San Pedro'),(1023,'Douglas','Forrest',3,'Brgy. San Jose'),(1024,'Dicki','Karli',4,'Bgry. Sicsican'),(1025,'Schaden','Winnifred',4,'Bgry. Santa Monica'),(1026,'Bosco','Jazmin',4,'Bgry. Sicsican'),(1027,'Rippin','Branson',6,'Bgry. San Pedro'),(1028,'Fahey','Jordyn',6,'Bgry. Sicsican'),(1029,'Grant','Jarrett',3,'Bgry. Sicsican'),(1030,'Weissnat','Destini',3,'Brgy. San Jose'),(1031,'Pfeffer','Will',4,'Bgry. San Manuel'),(1032,'Bergnaum','Osvaldo',3,'Bgry. San Pedro'),(1033,'Cronin','Sincere',1,'Bgry. San Manuel'),(1034,'Ferry','Mackenzie',2,'Bgry. San Pedro'),(1035,'Sipes','Mozell',6,'Brgy. Irawan'),(1036,'Stracke','Regan',5,'Bgry. San Pedro'),(1037,'Boyle','Cortez',1,'Bgry. Sicsican'),(1038,'Mann','Ashley',1,'Brgy. Irawan'),(1039,'Connelly','Hipolito',3,'Bgry. San Pedro'),(1040,'Hessel','Elwyn',2,'Bgry. San Pedro'),(1041,'Gaylord','Royce',4,'Bgry. Tiniguiban'),(1042,'Hayes','Zoe',1,'Bgry. San Pedro'),(1043,'Hartmann','Bruce',5,'Bgry. Sicsican'),(1044,'Mraz','Lafayette',5,'Bgry. San Manuel'),(1045,'Beahan','Isaac',6,'Bgry. Santa Monica'),(1046,'Feeney','Marcellus',4,'Bgry. Tiniguiban'),(1047,'Mosciski','Freda',1,'Bgry. Santa Monica'),(1048,'Lehner','Albertha',3,'Bgry. Sicsican'),(1049,'Kemmer','Helen',3,'Bgry. San Pedro'),(1050,'Torphy','Rebeka',4,'Bgry. San Pedro'),(1051,'Hoppe','Brandy',5,'Bgry. Tiniguiban'),(1052,'Heaney','Catharine',5,'Bgry. Sicsican'),(1053,'Herzog','Ezequiel',1,'Bgry. Tiniguiban'),(1054,'Mann','Ray',5,'Brgy. Irawan'),(1055,'Lubowitz','Elinore',3,'Bgry. Santa Monica'),(1056,'Trantow','Adah',1,'Bgry. Tiniguiban'),(1057,'Thompson','Sincere',1,'Brgy. San Jose'),(1058,'Stehr','Jalen',2,'Brgy. San Jose'),(1059,'Balistreri','Rosario',3,'Bgry. San Manuel'),(1060,'Hudson','Nathanial',5,'Bgry. Sicsican'),(1061,'Price','Raoul',3,'Brgy. Irawan'),(1062,'Leuschke','Katharina',2,'Bgry. San Manuel'),(1063,'Lang','Micheal',3,'Brgy. San Jose'),(1064,'Corwin','Kassandra',6,'Bgry. San Manuel'),(1065,'Wyman','Nikki',1,'Bgry. San Pedro'),(1066,'Baumbach','Arely',6,'Bgry. Tiniguiban'),(1067,'Koepp','Rosendo',1,'Bgry. San Pedro'),(1068,'Ruecker','Mikayla',3,'Bgry. Tiniguiban'),(1069,'Buckridge','Tierra',6,'Brgy. San Jose'),(1070,'Klein','Zella',2,'Bgry. Sicsican'),(1071,'Abernathy','Andy',5,'Bgry. San Manuel'),(1072,'Lebsack','Salvatore',6,'Bgry. Sicsican'),(1073,'Adams','Dillon',1,'Brgy. Irawan'),(1074,'Homenick','Crystal',3,'Bgry. Sicsican'),(1075,'Sporer','Caleb',4,'Bgry. Sicsican'),(1076,'Cormier','Herminio',2,'Bgry. Tiniguiban'),(1077,'Hills','Eleonore',6,'Bgry. Sicsican'),(1078,'Muller','Ashlynn',1,'Bgry. Santa Monica'),(1079,'Rowe','Velma',5,'Brgy. San Jose'),(1080,'Crona','Anastasia',5,'Bgry. San Pedro'),(1081,'Beier','Cleve',4,'Brgy. Irawan'),(1082,'Jacobs','Narciso',1,'Bgry. Tiniguiban'),(1083,'Goodwin','Tess',4,'Brgy. San Jose'),(1084,'Thompson','Rahul',4,'Brgy. San Jose'),(1085,'Schoen','Dee',1,'Brgy. Irawan'),(1086,'Terry','Mallie',2,'Bgry. Tiniguiban'),(1087,'Kulas','Michel',2,'Bgry. Sicsican'),(1088,'Koepp','Mireille',6,'Bgry. San Manuel'),(1089,'Nicolas','Hudson',1,'Bgry. Santa Monica'),(1090,'Lebsack','Robert',3,'Bgry. Sicsican'),(1091,'Lynch','Tito',6,'Bgry. Tiniguiban'),(1092,'Purdy','Westley',2,'Bgry. San Manuel'),(1093,'Hessel','Logan',4,'Brgy. Irawan'),(1094,'Rutherford','Braulio',3,'Bgry. Santa Monica'),(1095,'Gaylord','Shanny',2,'Bgry. Tiniguiban'),(1096,'Reichert','Devyn',3,'Bgry. San Pedro'),(1097,'Purdy','Mable',5,'Bgry. Santa Monica'),(1098,'Hermiston','Chris',6,'Bgry. San Manuel'),(1099,'Hilpert','Belle',5,'Bgry. Tiniguiban'),(1100,'Bins','Josh',1,'Bgry. Sicsican'),(1101,'Blanda','Martine',3,'Bgry. San Manuel'),(1102,'Wisozk','Dimitri',3,'Bgry. Tiniguiban'),(1103,'Gislason','Laisha',1,'Brgy. Irawan'),(1104,'Herzog','Magnolia',4,'Bgry. Santa Monica'),(1105,'Beahan','Shad',5,'Brgy. San Jose'),(1106,'Orn','Charley',4,'Bgry. Sicsican'),(1107,'Schoen','Fatima',2,'Brgy. Irawan'),(1108,'Dooley','Deontae',5,'Brgy. Irawan'),(1109,'Becker','Liliane',5,'Bgry. San Manuel'),(1110,'Schaden','Maybell',1,'Bgry. Sicsican'),(1111,'Zulauf','Gilbert',4,'Bgry. Tiniguiban'),(1112,'Ryan','Carlo',4,'Bgry. Tiniguiban'),(1113,'Conn','Kelly',2,'Brgy. Irawan'),(1114,'Ritchie','Bulah',4,'Bgry. San Pedro'),(1115,'Welch','Abigale',2,'Bgry. San Manuel'),(1116,'Mohr','Cooper',3,'Brgy. Irawan'),(1117,'Zboncak','Marta',3,'Bgry. Tiniguiban'),(1118,'Von','Cristobal',2,'Bgry. San Manuel'),(1119,'Tremblay','Ivory',6,'Bgry. San Manuel'),(1120,'Heller','Madisyn',1,'Bgry. Tiniguiban'),(1121,'Lebsack','Hailey',3,'Brgy. San Jose'),(1122,'Hintz','Ellis',6,'Bgry. Santa Monica'),(1123,'Goldner','Graham',2,'Bgry. Tiniguiban'),(1124,'Kovacek','Ivah',4,'Bgry. Sicsican'),(1125,'Volkman','Elwin',3,'Bgry. San Manuel'),(1126,'Torp','Ahmed',3,'Brgy. San Jose'),(1127,'Rippin','Lewis',6,'Bgry. Santa Monica'),(1128,'Balistreri','Domingo',3,'Brgy. San Jose'),(1129,'Bosco','Alayna',1,'Bgry. Sicsican'),(1130,'Beahan','Llewellyn',6,'Bgry. Santa Monica'),(1131,'Larson','Danyka',5,'Bgry. Santa Monica'),(1132,'Oberbrunner','Felix',3,'Bgry. Sicsican'),(1133,'Hudson','Beau',4,'Bgry. Sicsican'),(1134,'Haag','Gerda',3,'Brgy. Irawan'),(1135,'Goldner','Ottis',5,'Bgry. Tiniguiban'),(1136,'Stokes','Maya',2,'Bgry. San Pedro'),(1137,'Sipes','Ari',5,'Bgry. Tiniguiban'),(1138,'Emmerich','Idell',4,'Bgry. San Manuel'),(1139,'Kuhlman','Genevieve',5,'Bgry. San Manuel'),(1140,'Doyle','Jordi',1,'Brgy. San Jose'),(1141,'Zieme','Maximus',4,'Bgry. San Manuel'),(1142,'Kris','Sandra',1,'Bgry. Tiniguiban'),(1143,'Carroll','Rosalind',1,'Bgry. Santa Monica'),(1144,'Kutch','Nadia',6,'Bgry. Sicsican'),(1145,'Bode','Junior',3,'Brgy. San Jose'),(1146,'Hand','Craig',3,'Brgy. Irawan'),(1147,'Trantow','Joelle',3,'Brgy. San Jose'),(1148,'VonRueden','Stanford',6,'Brgy. Irawan'),(1149,'Green','Lurline',6,'Bgry. Santa Monica'),(1150,'Lubowitz','Mariane',2,'Bgry. San Manuel'),(1151,'Hilpert','Priscilla',3,'Bgry. Santa Monica'),(1152,'Jacobson','Oliver',4,'Bgry. Tiniguiban'),(1153,'Schmeler','Josiah',3,'Bgry. Tiniguiban'),(1154,'Connelly','Sophie',2,'Bgry. San Pedro'),(1155,'Cronin','Jordan',5,'Bgry. San Manuel'),(1156,'Towne','Cydney',2,'Bgry. Tiniguiban'),(1157,'Deckow','June',5,'Bgry. Sicsican'),(1158,'Mann','Carley',5,'Bgry. Sicsican'),(1159,'Connelly','Trycia',1,'Brgy. Irawan'),(1160,'Lemke','Madaline',3,'Bgry. Tiniguiban'),(1161,'Bartoletti','Judah',6,'Brgy. San Jose'),(1162,'Beer','August',3,'Brgy. Irawan'),(1163,'Considine','Mathias',5,'Bgry. Tiniguiban'),(1164,'Reilly','Elisabeth',5,'Brgy. Irawan'),(1165,'Marks','Alexa',2,'Brgy. Irawan'),(1166,'Pfannerstill','Darrell',2,'Bgry. Tiniguiban'),(1167,'Torp','Earnestine',5,'Bgry. San Manuel'),(1168,'Ritchie','Stanford',4,'Bgry. San Manuel'),(1169,'Gulgowski','Shania',6,'Brgy. Irawan'),(1170,'Corkery','Demond',1,'Bgry. Sicsican'),(1171,'Deckow','Celine',5,'Bgry. Santa Monica'),(1172,'Pfeffer','Moses',3,'Brgy. San Jose'),(1173,'Ledner','Yessenia',1,'Bgry. San Pedro'),(1174,'Kihn','Mallory',5,'Bgry. Tiniguiban'),(1175,'Mills','Mortimer',2,'Bgry. San Pedro'),(1176,'Bogan','Blair',6,'Brgy. Irawan'),(1177,'Hoppe','Hollie',3,'Bgry. San Pedro'),(1178,'Zulauf','Savannah',5,'Bgry. Tiniguiban'),(1179,'Skiles','Jaylan',6,'Bgry. Santa Monica'),(1180,'Gorczany','Rachel',1,'Bgry. Santa Monica'),(1181,'Mann','Thurman',1,'Brgy. San Jose'),(1182,'Lockman','Johnson',2,'Bgry. Santa Monica'),(1183,'Sauer','Ashlynn',3,'Brgy. San Jose'),(1184,'Kuhic','Newell',3,'Brgy. Irawan'),(1185,'McLaughlin','Winona',2,'Brgy. Irawan'),(1186,'Armstrong','Gloria',5,'Bgry. Sicsican'),(1187,'Langworth','Aisha',1,'Bgry. Tiniguiban'),(1188,'Monahan','Beaulah',6,'Bgry. Tiniguiban'),(1189,'Muller','Albert',6,'Bgry. Tiniguiban'),(1190,'Hagenes','Alexandre',6,'Bgry. Sicsican'),(1191,'Torphy','Hobart',6,'Brgy. Irawan'),(1192,'Larson','Shana',4,'Bgry. Tiniguiban'),(1193,'Pfannerstill','Kaley',2,'Bgry. Tiniguiban'),(1194,'Mante','Jeffrey',5,'Bgry. Tiniguiban'),(1195,'Roberts','Nico',6,'Bgry. Sicsican'),(1196,'Haley','Francesca',1,'Brgy. Irawan'),(1197,'Hoeger','Anne',1,'Bgry. Santa Monica'),(1198,'Cole','Robin',4,'Brgy. San Jose'),(1199,'Gaylord','Clare',3,'Bgry. Santa Monica'),(1200,'Kuhlman','Yvonne',4,'Brgy. Irawan'),(1201,'Predovic','April',6,'Bgry. San Manuel'),(1202,'Kovacek','Liam',5,'Brgy. San Jose'),(1203,'Jacobson','Vernie',5,'Brgy. San Jose'),(1204,'Heller','Felton',1,'Brgy. Irawan'),(1205,'Franecki','Bradford',1,'Bgry. Santa Monica'),(1206,'Veum','Jaunita',5,'Brgy. San Jose'),(1207,'Moen','Zoie',2,'Bgry. Tiniguiban'),(1208,'Dare','Brando',3,'Bgry. Tiniguiban'),(1209,'Schneider','Stuart',4,'Bgry. Tiniguiban'),(1210,'Beahan','Margarette',4,'Brgy. San Jose'),(1211,'Maggio','Myrtle',1,'Bgry. San Pedro'),(1212,'Baumbach','Aisha',1,'Bgry. Tiniguiban'),(1213,'Nitzsche','Javier',6,'Bgry. Sicsican'),(1214,'Welch','Rosalia',3,'Brgy. San Jose'),(1215,'Pfannerstill','Andrew',3,'Brgy. Irawan'),(1216,'Hintz','Kane',6,'Bgry. Tiniguiban'),(1217,'Schultz','Devante',1,'Bgry. San Manuel'),(1218,'Mohr','Delores',4,'Bgry. Santa Monica'),(1219,'Wehner','Jennie',6,'Bgry. Sicsican'),(1220,'Lesch','Kiana',1,'Bgry. San Manuel'),(1221,'Reichel','Lavon',5,'Bgry. Sicsican'),(1222,'Boyer','Drew',5,'Bgry. Sicsican'),(1223,'Wilkinson','Brandon',6,'Bgry. Santa Monica'),(1224,'Cronin','Krista',5,'Bgry. Sicsican'),(1225,'Considine','Onie',1,'Brgy. San Jose'),(1226,'Sauer','Marcelle',6,'Brgy. San Jose'),(1227,'Green','Dion',2,'Bgry. San Pedro'),(1228,'Friesen','Khalil',5,'Brgy. San Jose'),(1229,'Gorczany','Margarett',6,'Bgry. Santa Monica'),(1230,'Bailey','Deja',4,'Brgy. Irawan'),(1231,'White','Dejon',5,'Bgry. Santa Monica'),(1232,'Green','Emerald',1,'Brgy. Irawan'),(1233,'Hackett','Hudson',3,'Bgry. Santa Monica'),(1234,'Stiedemann','Garret',5,'Bgry. San Pedro'),(1235,'Doyle','Jettie',4,'Bgry. San Manuel'),(1236,'Bogisich','Lavern',2,'Brgy. San Jose'),(1237,'Carroll','Frederik',6,'Bgry. Santa Monica'),(1238,'Marks','Dayne',1,'Brgy. San Jose'),(1239,'Schamberger','Antonette',2,'Bgry. Santa Monica'),(1240,'Harber','Maggie',3,'Brgy. Irawan'),(1241,'Quigley','Eladio',6,'Brgy. Irawan'),(1242,'Hansen','Alfonzo',6,'Bgry. Sicsican'),(1243,'McGlynn','Guy',2,'Brgy. San Jose'),(1244,'Schmeler','Barrett',2,'Bgry. Tiniguiban'),(1245,'Macejkovic','Albin',3,'Bgry. Santa Monica'),(1246,'Altenwerth','Verda',6,'Brgy. San Jose'),(1247,'Olson','Nels',3,'Bgry. Tiniguiban'),(1248,'O\'Reilly','Lukas',4,'Bgry. San Manuel'),(1249,'Hills','Zola',5,'Bgry. San Manuel'),(1250,'Metz','Lucinda',2,'Bgry. Santa Monica'),(1251,'Rau','Susan',2,'Bgry. Tiniguiban'),(1252,'Paucek','Chasity',4,'Brgy. San Jose'),(1253,'Stark','Norris',6,'Bgry. Santa Monica'),(1254,'Douglas','Imani',5,'Bgry. San Pedro'),(1255,'Ferry','Kayleigh',2,'Bgry. San Pedro'),(1256,'Quitzon','Damon',6,'Bgry. Santa Monica'),(1257,'Koss','Alessia',4,'Brgy. San Jose'),(1258,'Tremblay','Ora',6,'Bgry. San Manuel'),(1259,'DuBuque','Shane',3,'Brgy. San Jose'),(1260,'Kessler','Asa',4,'Brgy. San Jose'),(1261,'Wiza','Sienna',4,'Bgry. Sicsican'),(1262,'Kertzmann','Fidel',6,'Bgry. San Pedro'),(1263,'Zboncak','Brant',2,'Bgry. Santa Monica'),(1264,'Mohr','Enola',5,'Bgry. Sicsican'),(1265,'Brown','Emery',4,'Bgry. Tiniguiban'),(1266,'Casper','Cornelius',4,'Brgy. Irawan'),(1267,'Hand','Stacy',1,'Bgry. San Pedro'),(1268,'Crist','Clemmie',1,'Bgry. Sicsican'),(1269,'Williamson','Lou',2,'Brgy. Irawan'),(1270,'Howell','Jerad',5,'Brgy. San Jose'),(1271,'Rosenbaum','Alycia',6,'Bgry. San Pedro'),(1272,'Kuhlman','Alda',4,'Brgy. Irawan'),(1273,'Spencer','Erick',1,'Brgy. San Jose'),(1274,'Walter','Jorge',4,'Bgry. Sicsican'),(1275,'Franecki','Alfred',4,'Bgry. Tiniguiban'),(1276,'Lebsack','Citlalli',5,'Bgry. Tiniguiban'),(1277,'Schiller','Kristin',5,'Brgy. Irawan'),(1278,'Powlowski','Ryan',2,'Bgry. San Pedro'),(1279,'Runte','Blanca',2,'Brgy. Irawan'),(1280,'Cruickshank','Danny',2,'Bgry. Santa Monica'),(1281,'Murray','Leonie',6,'Bgry. San Manuel'),(1282,'Brekke','Haylee',5,'Bgry. Santa Monica'),(1283,'Mann','Kaci',5,'Bgry. San Manuel'),(1284,'Abshire','Mariane',5,'Bgry. San Manuel'),(1285,'Stroman','Francisca',4,'Bgry. Tiniguiban'),(1286,'Parisian','Royal',4,'Bgry. Sicsican'),(1287,'Batz','Rosamond',1,'Bgry. San Manuel'),(1288,'Kovacek','Morris',6,'Bgry. Tiniguiban'),(1289,'Schamberger','Lance',1,'Bgry. San Pedro'),(1290,'Hermann','Gaylord',5,'Bgry. Tiniguiban'),(1291,'Oberbrunner','Halie',5,'Bgry. San Manuel'),(1292,'Baumbach','Lizzie',3,'Brgy. Irawan'),(1293,'Bechtelar','Mariano',3,'Bgry. San Manuel'),(1294,'Sporer','Carolyn',3,'Bgry. San Manuel'),(1295,'Tromp','Kennedi',5,'Bgry. Sicsican'),(1296,'Kessler','Breana',6,'Brgy. Irawan'),(1297,'Lueilwitz','Stan',1,'Brgy. San Jose'),(1298,'Kemmer','Edwina',2,'Bgry. San Pedro'),(1299,'Bartoletti','Ryder',4,'Bgry. Tiniguiban'),(1300,'Ondricka','Parker',4,'Bgry. Sicsican'),(1301,'Feeney','Dolores',2,'Brgy. Irawan'),(1302,'Lueilwitz','Mckenna',4,'Bgry. Sicsican'),(1303,'Ruecker','Susanna',1,'Bgry. San Pedro'),(1304,'Pfannerstill','Jamey',4,'Bgry. San Pedro'),(1305,'Cronin','Carlee',4,'Bgry. Santa Monica'),(1306,'Schmeler','Sean',1,'Bgry. Santa Monica'),(1307,'Herman','Mathilde',5,'Bgry. San Pedro'),(1308,'Corwin','Ericka',6,'Bgry. Tiniguiban'),(1309,'Pacocha','Bobbie',5,'Bgry. Sicsican'),(1310,'Walker','Shana',2,'Bgry. San Pedro'),(1311,'Bayer','Betty',5,'Bgry. Santa Monica'),(1312,'Grady','Aida',6,'Brgy. Irawan'),(1313,'Baumbach','Geoffrey',5,'Bgry. San Manuel'),(1314,'Lindgren','Clair',3,'Bgry. Tiniguiban'),(1315,'Ankunding','Kobe',1,'Bgry. Sicsican'),(1316,'Boyer','Demarco',6,'Bgry. Tiniguiban'),(1317,'Harber','Jeffry',6,'Bgry. San Pedro'),(1318,'Stracke','Juliet',6,'Bgry. Sicsican'),(1319,'Fisher','Lisette',6,'Bgry. San Manuel'),(1320,'Hyatt','Parker',3,'Brgy. San Jose'),(1321,'Emmerich','Shyanne',2,'Bgry. Tiniguiban'),(1322,'Streich','Gianni',4,'Bgry. San Pedro'),(1323,'Lynch','Alexzander',6,'Bgry. Tiniguiban'),(1324,'Beatty','Jordi',3,'Bgry. Santa Monica'),(1325,'Bahringer','Aisha',6,'Bgry. Santa Monica'),(1326,'Heaney','Garrick',6,'Brgy. Irawan'),(1327,'Reichert','Jammie',2,'Bgry. Sicsican'),(1328,'Turner','Cassidy',2,'Brgy. Irawan'),(1329,'Sawayn','Ofelia',2,'Brgy. San Jose'),(1330,'Johnston','Lelia',6,'Bgry. San Manuel'),(1331,'Gottlieb','Robbie',6,'Bgry. San Manuel'),(1332,'Hand','Hallie',3,'Bgry. Santa Monica'),(1333,'Heidenreich','Dannie',1,'Bgry. San Manuel'),(1334,'Weimann','Pietro',3,'Bgry. San Manuel'),(1335,'Paucek','Bertha',3,'Bgry. San Pedro'),(1336,'Borer','Ron',2,'Brgy. San Jose'),(1337,'Leannon','Horacio',4,'Brgy. Irawan'),(1338,'Ward','May',4,'Bgry. Tiniguiban'),(1339,'Abshire','Toby',3,'Bgry. San Pedro'),(1340,'Herman','Autumn',6,'Bgry. Santa Monica'),(1341,'Schoen','Flossie',2,'Bgry. Santa Monica'),(1342,'Larson','Jacklyn',4,'Bgry. San Manuel'),(1343,'Friesen','Pat',2,'Bgry. San Pedro'),(1344,'McDermott','Victor',3,'Bgry. San Manuel'),(1345,'Franecki','Sydni',3,'Bgry. San Manuel'),(1346,'Buckridge','Samir',1,'Brgy. San Jose'),(1347,'Blick','Cathy',6,'Bgry. Tiniguiban'),(1348,'Toy','Leopold',3,'Bgry. Santa Monica'),(1349,'Hand','Frederic',4,'Bgry. Santa Monica'),(1350,'Kessler','Nels',1,'Brgy. San Jose'),(1351,'Hegmann','Golda',3,'Bgry. San Manuel'),(1352,'Ritchie','Jacquelyn',6,'Bgry. Tiniguiban'),(1353,'McKenzie','Autumn',1,'Bgry. Tiniguiban'),(1354,'Mohr','Micaela',3,'Bgry. Sicsican'),(1355,'Weimann','Salvador',6,'Brgy. Irawan'),(1356,'Kessler','Kiara',6,'Bgry. San Pedro'),(1357,'Lang','Spencer',3,'Bgry. Tiniguiban'),(1358,'McCullough','Bryon',3,'Bgry. San Manuel'),(1359,'Stamm','Fatima',6,'Bgry. San Pedro'),(1360,'Keebler','Sylvester',2,'Brgy. Irawan'),(1361,'Heathcote','Ashton',1,'Brgy. Irawan'),(1362,'Quitzon','Julie',6,'Bgry. Tiniguiban'),(1363,'Reynolds','Dakota',1,'Brgy. Irawan'),(1364,'Shields','Kylie',2,'Bgry. San Pedro'),(1365,'Frami','Audreanne',5,'Bgry. Tiniguiban'),(1366,'Cummings','Lurline',5,'Bgry. San Pedro'),(1367,'Marquardt','Jennie',4,'Brgy. Irawan'),(1368,'Schoen','Koby',3,'Bgry. Santa Monica'),(1369,'Vandervort','Alfredo',4,'Bgry. Tiniguiban'),(1370,'Barrows','Hipolito',5,'Bgry. San Pedro'),(1371,'Brekke','Ryder',1,'Brgy. Irawan'),(1372,'Boehm','Matteo',6,'Bgry. Sicsican'),(1373,'Harber','Estrella',2,'Bgry. San Pedro'),(1374,'Medhurst','Leann',5,'Brgy. Irawan'),(1375,'Kerluke','Murray',4,'Bgry. San Manuel'),(1376,'Swaniawski','Eleanore',3,'Brgy. San Jose'),(1377,'Mayert','Micaela',3,'Brgy. San Jose'),(1378,'Trantow','Nola',6,'Bgry. Tiniguiban'),(1379,'Mitchell','Cierra',3,'Bgry. San Pedro'),(1380,'Emmerich','Brandy',4,'Bgry. San Manuel'),(1381,'Schultz','Sincere',2,'Bgry. San Manuel'),(1382,'Larson','Harrison',1,'Bgry. Tiniguiban'),(1383,'Mayert','Carmen',2,'Bgry. Tiniguiban'),(1384,'Ernser','Ubaldo',4,'Brgy. San Jose'),(1385,'Hand','Ryder',5,'Brgy. San Jose'),(1386,'Williamson','Elody',1,'Bgry. Sicsican'),(1387,'Brekke','Laura',6,'Brgy. San Jose'),(1388,'Ruecker','Chase',2,'Brgy. Irawan'),(1389,'Emmerich','Aliza',3,'Bgry. Sicsican'),(1390,'Sipes','Tomasa',4,'Brgy. San Jose'),(1391,'Sporer','Percy',3,'Bgry. Santa Monica'),(1392,'Kovacek','Sibyl',1,'Bgry. San Pedro'),(1393,'McKenzie','Bessie',6,'Brgy. San Jose'),(1394,'Stehr','Alford',3,'Bgry. Tiniguiban'),(1395,'Swift','Maximillian',2,'Bgry. San Pedro'),(1396,'Funk','Kristina',2,'Bgry. Santa Monica'),(1397,'Murazik','Melba',2,'Brgy. Irawan'),(1398,'Nikolaus','Marjorie',2,'Bgry. Tiniguiban'),(1399,'Schuppe','Harmon',2,'Bgry. Tiniguiban'),(1400,'Reichert','Trystan',5,'Bgry. San Manuel'),(1401,'Emmerich','Lesley',4,'Brgy. Irawan'),(1402,'Johnson','Lola',5,'Bgry. Santa Monica'),(1403,'Jerde','Davon',1,'Brgy. Irawan'),(1404,'Stracke','Miller',4,'Bgry. San Pedro'),(1405,'Prohaska','Fatima',6,'Bgry. San Pedro'),(1406,'Kuhlman','Reece',4,'Brgy. Irawan'),(1407,'West','Deangelo',2,'Bgry. San Manuel'),(1408,'Grady','Billie',4,'Bgry. Sicsican'),(1409,'Stamm','Aletha',3,'Bgry. San Pedro'),(1410,'Corkery','Caden',3,'Brgy. San Jose'),(1411,'Gaylord','Rhiannon',3,'Bgry. San Pedro');
/*!40000 ALTER TABLE `employee` ENABLE KEYS */;
UNLOCK TABLES;

--
-- Table structure for table `office`
--

DROP TABLE IF EXISTS `office`;
/*!40101 SET @saved_cs_client     = @@character_set_client */;
/*!50503 SET character_set_client = utf8mb4 */;
CREATE TABLE `office` (
  `id` int NOT NULL AUTO_INCREMENT,
  `name` varchar(500) NOT NULL,
  `contactnum` varchar(500) DEFAULT NULL,
  `email` varchar(500) DEFAULT NULL,
  `address` varchar(500) DEFAULT NULL,
  `city` varchar(500) DEFAULT NULL,
  `country` varchar(500) DEFAULT NULL,
  `postal` int DEFAULT NULL,
  PRIMARY KEY (`id`)
) ENGINE=InnoDB AUTO_INCREMENT=56 DEFAULT CHARSET=utf8mb4 COLLATE=utf8mb4_0900_ai_ci;
/*!40101 SET character_set_client = @saved_cs_client */;

--
-- Dumping data for table `office`
--

LOCK TABLES `office` WRITE;
/*!40000 ALTER TABLE `office` DISABLE KEYS */;
INSERT INTO `office` VALUES (1,'Computer Studies Department','433-5684','csd@psu.palawan.edu.ph','IT Building','Puerto Princesa','Philippines',5300),(2,'CS Dean\'s Office','433-5686','cs@psu.palawan.edu.ph','CS Building','Puerto Princesa','Philippines',5300),(3,'Creative Code Inc.','433-5685','cci@gmail.com','','','',5300),(4,'Creative Code Inc.','433-5685','cci@gmail.com','','','',5300),(5,'Office of the President','433-1234','oup@psu.palawan.edu.ph','Admin building','','',5300),(6,'HR','090933554','ian@gmail.com','Brgy. Bagong Sikat','Puerto Princesa ','Philippines',5300),(7,'McDermott Ltd','433-9794','bartoletti.samantha@hotmail.com','91A Dickens Union, Poblacion, Zamboanga City 4305 Agusan del Sur','Puerto Princesa','Philipiness',5300),(8,'Abshire, Rath and Schuppe','433-0484','gibson.rasheed@ruecker.info','64/20 Little Spur, Poblacion, Marikina 6434 South Cotabato','Puerto Princesa','Philipiness',5300),(9,'Block-Koelpin','433-5905','cferry@gmail.com','99/58 Zemlak Viaduct, Poblacion, San Pedro 5890 Antique','Puerto Princesa','Philipiness',5300),(10,'Prosacco-Dickinson','433-8829','xhand@schultz.biz','71A Bayer Stream, Jose Panganiban 3017 Metro Manila','Puerto Princesa','Philipiness',5300),(11,'Rath-Wunsch','433-4554','loyal34@carter.biz','65/13 Jast Dam, Ballesteros 7602 Southern Leyte','Puerto Princesa','Philipiness',5300),(12,'Feeney-Little','433-9464','pbechtelar@gmail.com','95A Huel Hill, Poblacion, Trece Martires 2903 Ilocos Sur','Puerto Princesa','Philipiness',5300),(13,'Pfeffer-Runte','433-9015','braxton.moen@turcotte.com','77A Stracke Vista Suite 888, Bayog 5522 Abra','Puerto Princesa','Philipiness',5300),(14,'Rippin-Larkin','433-3582','arno.vandervort@kassulke.org','61/82 Treutel Alley, Balasan 0531 La Union','Puerto Princesa','Philipiness',5300),(15,'Kunze Group','433-9332','dooley.lexie@gmail.com','42 Cartwright Neck Apt. 031, Poblacion, Carcar 9907 Quirino','Puerto Princesa','Philipiness',5300),(16,'Beier PLC','433-2548','jnolan@gmail.com','67A/45 Abshire Ridge Apt. 524, Poblacion, Bais 7203 Negros Occidental','Puerto Princesa','Philipiness',5300),(17,'Padberg PLC','433-1325','marielle.cole@ullrich.com','36/59 Schaden Hill, Poblacion, Maasin 0846 Cotabato','Puerto Princesa','Philipiness',5300),(18,'Kuhn, McClure and Powlowski','433-4174','dickinson.erling@yahoo.com','73 Quigley Trafficway, Poblacion, Bogo 9742 Aurora','Puerto Princesa','Philipiness',5300),(19,'Hamill, Yundt and Ratke','433-8020','ashtyn.paucek@smith.net','82 Kris Viaduct Apt. 033, Poblacion, Taguig 7036 Sorsogon','Puerto Princesa','Philipiness',5300),(20,'Kuvalis, Stark and Dickens','433-6655','king.beier@zieme.com','22A/96 Muller Shoals, Poblacion, Marikina 7156 Negros Oriental','Puerto Princesa','Philipiness',5300),(21,'Frami-Beier','433-1799','larson.lafayette@yundt.com','60 Emmerich Extensions Suite 852, Poblacion, San Juan 4340 Davao del Sur','Puerto Princesa','Philipiness',5300),(22,'Terry, Johnson and McKenzie','433-4407','maximus.predovic@gmail.com','66A/09 Glover Drive, Poblacion, Malaybalay 4698 Compostela Valley','Puerto Princesa','Philipiness',5300),(23,'Sawayn, Konopelski and Grimes','433-7574','raven.sipes@schmitt.org','58A Graham Haven, Poblacion, Himamaylan 0865 Ifugao','Puerto Princesa','Philipiness',5300),(24,'Ebert-Smith','433-9879','johns.brandi@hotmail.com','81 Grimes Branch Apt. 670, Lasam 9052 Ifugao','Puerto Princesa','Philipiness',5300),(25,'Hills-Bednar','433-6462','qpurdy@yahoo.com','67A/77 Morar Unions Suite 014, Labangan 6989 Ifugao','Puerto Princesa','Philipiness',5300),(26,'Wehner, Ankunding and Conn','433-8543','vthiel@rowe.org','71A/12 Schulist Turnpike Suite 129, Guindulungan 5473 Metro Manila','Puerto Princesa','Philipiness',5300),(27,'Hackett Group','433-4212','hledner@gmail.com','42A Renner Trail Suite 902, Poblacion, San Fernando 2522 Cotabato','Puerto Princesa','Philipiness',5300),(28,'Gutkowski, Wuckert and Hayes','433-2221','bud.heaney@yahoo.com','03A/71 Watsica Mountains, Poblacion, Candon 4160 Isabela','Puerto Princesa','Philipiness',5300),(29,'Runte, Gusikowski and Cummings','433-8166','clair.prohaska@yahoo.com','25A/97 Beahan Stream, Siniloan 3214 Misamis Oriental','Puerto Princesa','Philipiness',5300),(30,'Kuhlman, Fahey and Considine','433-9530','kwehner@gmail.com','67/42 Swaniawski View Apt. 591, Quezon 1870 Bukidnon','Puerto Princesa','Philipiness',5300),(31,'Jacobs, Stehr and Romaguera','433-7115','jacques78@gmail.com','75/69 Sanford Dam Apt. 919, Baras 6845 Surigao del Sur','Puerto Princesa','Philipiness',5300),(32,'Walsh-Cremin','433-5219','eryn.sporer@kozey.com','21A Klocko Village, Poblacion, Dapitan 3650 Lanao del Norte','Puerto Princesa','Philipiness',5300),(33,'Goldner, Lesch and Predovic','433-1189','hanna31@yahoo.com','95/23 Konopelski Ridges, Poblacion, Marikina 0766 Kalinga','Puerto Princesa','Philipiness',5300),(34,'Schulist Ltd','433-9496','bmraz@wolff.com','51 Zemlak Overpass Apt. 479, Poblacion, Cadiz 8705 Agusan del Norte','Puerto Princesa','Philipiness',5300),(35,'Schmeler LLC','433-7433','hegmann.milo@yahoo.com','70/31 Harber Camp Suite 679, Saguday 0399 Quirino','Puerto Princesa','Philipiness',5300),(36,'Reichert, Adams and Eichmann','433-4200','waylon.eichmann@hotmail.com','14/28 Wehner Courts Suite 561, Gasan 2779 Misamis Oriental','Puerto Princesa','Philipiness',5300),(37,'Aufderhar, Schuster and Collier','433-4059','sporer.liliana@yahoo.com','53/75 Pollich Court, Poblacion, Makati 4884 Southern Leyte','Puerto Princesa','Philipiness',5300),(38,'Schowalter, Stamm and Hane','433-9519','fleuschke@hotmail.com','76A/10 Kohler Shores, Poblacion, Palayan 2649 Aurora','Puerto Princesa','Philipiness',5300),(39,'Brekke Ltd','433-7484','cormier.sherman@frami.com','10A/87 Bogisich Camp Apt. 896, Samal City 7415 Davao Oriental','Puerto Princesa','Philipiness',5300),(40,'Mills, Pouros and Connelly','433-8477','vonrueden.dino@yahoo.com','46/20 Emmerich Shoals, Plaridel 8508 South Cotabato','Puerto Princesa','Philipiness',5300),(41,'Mertz, Simonis and Mills','433-4593','jerde.emmanuelle@feeney.info','93/14 Dickens Heights Suite 682, Poblacion, Calbayog 3552 South Cotabato','Puerto Princesa','Philipiness',5300),(42,'Batz, Kirlin and Graham','433-2036','wilton.price@hotmail.com','41 Bogisich Motorway Suite 467, Botolan 2691 Tawi-Tawi','Puerto Princesa','Philipiness',5300),(43,'Swift-Watsica','433-7312','clay28@rutherford.com','76/14 Wilkinson Roads Suite 094, Santa Rosa 5071 Surigao del Sur','Puerto Princesa','Philipiness',5300),(44,'Friesen Inc','433-3574','tcollins@grady.com','74A Adams Hills Suite 005, Santa Maria 2266 Zambales','Puerto Princesa','Philipiness',5300),(45,'Weissnat-Skiles','433-0564','coralie42@gmail.com','43A/61 Hammes Meadow Suite 783, Poblacion, Masbate City 6487 Quezon','Puerto Princesa','Philipiness',5300),(46,'Russel, Batz and Kuhlman','433-5159','cruickshank.frederique@effertz.com','69/59 Sauer Route Suite 165, Poblacion, Valenzuela 5114 Sorsogon','Puerto Princesa','Philipiness',5300),(47,'Stiedemann-Rath','433-9239','aliyah83@schuster.net','55 Gutmann Prairie, Poblacion, Canlaon 8637 Lanao del Sur','Puerto Princesa','Philipiness',5300),(48,'Kulas-Corwin','433-3148','mante.jonatan@hotmail.com','87 Bradtke Stream, Sultan Dumalondong 9670 Marinduque','Puerto Princesa','Philipiness',5300),(49,'Blick PLC','433-0425','reyes11@hotmail.com','28A Hand Rapids Apt. 112, Poblacion, Bogo 5638 Nueva Vizcaya','Puerto Princesa','Philipiness',5300),(50,'Daniel LLC','433-5978','alva66@cassin.com','97A Pollich Prairie Apt. 182, Danao City 3501 Guimaras','Puerto Princesa','Philipiness',5300),(51,'Koss-Kshlerin','433-7329','rosemarie.lebsack@hand.com','96A Ernser Stravenue Apt. 652, San Vicente 1484 Basilan','Puerto Princesa','Philipiness',5300),(52,'Krajcik, Jenkins and Strosin','433-1281','cassie12@kuvalis.com','16A/46 Altenwerth Gateway, Poblacion, Catbalogan 8522 Zamboanga Sibugay','Puerto Princesa','Philipiness',5300),(53,'Prohaska-Hettinger','433-6722','gutmann.joannie@yahoo.com','31 Kassulke Meadow, Poblacion, General Santos 1924 Aurora','Puerto Princesa','Philipiness',5300),(54,'Wuckert, Emard and Runolfsson','433-4506','aditya07@prohaska.com','14/93 Harber Ports, Ballesteros 2710 Camarines Norte','Puerto Princesa','Philipiness',5300),(55,'Littel Ltd','433-3764','ricky.wiegand@senger.org','93A/23 Bernhard Walks Apt. 738, Poblacion, Toledo 4112 Cagayan','Puerto Princesa','Philipiness',5300);
/*!40000 ALTER TABLE `office` ENABLE KEYS */;
UNLOCK TABLES;

--
-- Table structure for table `transaction`
--

DROP TABLE IF EXISTS `transaction`;
/*!40101 SET @saved_cs_client     = @@character_set_client */;
/*!50503 SET character_set_client = utf8mb4 */;
CREATE TABLE `transaction` (
  `id` int NOT NULL AUTO_INCREMENT,
  `employee_id` int DEFAULT NULL,
  `office_id` int DEFAULT NULL,
  `datelog` datetime DEFAULT CURRENT_TIMESTAMP,
  `action` enum('IN','OUT','COMPLETE') DEFAULT NULL,
  `remarks` varchar(100) DEFAULT NULL,
  `documentcode` varchar(45) NOT NULL,
  PRIMARY KEY (`id`)
) ENGINE=InnoDB AUTO_INCREMENT=331 DEFAULT CHARSET=utf8mb4 COLLATE=utf8mb4_0900_ai_ci;
/*!40101 SET character_set_client = @saved_cs_client */;

--
-- Dumping data for table `transaction`
--

LOCK TABLES `transaction` WRITE;
/*!40000 ALTER TABLE `transaction` DISABLE KEYS */;
INSERT INTO `transaction` VALUES (1,3,1,'2022-03-19 09:55:16','IN',NULL,'100'),(2,3,2,'2022-03-19 09:55:37','OUT',NULL,'100'),(3,3,1,'2022-03-19 09:55:53','COMPLETE',NULL,'100'),(4,3,1,'2022-03-19 09:55:30','OUT','Signed','100'),(5,3,2,'2022-03-19 09:55:32','IN','For approval','100'),(6,2,3,'2022-03-19 09:55:17','IN',NULL,'101'),(7,2,3,'2022-03-19 09:59:16','OUT',NULL,'101'),(8,NULL,NULL,'2023-06-03 23:07:24','OUT','approved','123'),(9,625,9,'2009-03-30 11:21:32','IN','For Approval','DC-3119'),(10,149,32,'2000-12-18 03:56:05','COMPLETE','Not Signed','DC-8630'),(11,837,26,'1989-04-15 01:24:16','IN','Rejected','DC-7692'),(12,893,49,'2001-04-30 05:59:10','OUT','For Approval','DC-8846'),(13,93,1,'2002-10-15 06:43:08','IN','Rejected','DC-0039'),(14,392,2,'1977-05-03 10:41:38','OUT','Not Signed','DC-4865'),(15,850,2,'1994-08-25 15:46:54','COMPLETE','Not Signed','DC-2760'),(16,890,17,'1985-02-14 06:21:43','OUT','For Approval','DC-6668'),(17,962,52,'2000-05-24 01:06:17','OUT','Not Signed','DC-4568'),(18,691,9,'2015-12-31 08:59:01','COMPLETE','For Approval','DC-8214'),(19,100,26,'2016-11-21 14:14:05','COMPLETE','Approved','DC-3337'),(20,390,26,'2021-08-23 18:14:17','COMPLETE','Approved','DC-1650'),(21,180,25,'2012-02-28 02:22:41','COMPLETE','Approved','DC-1607'),(22,18,29,'1990-04-16 08:55:38','COMPLETE','Approved','DC-5202'),(23,434,17,'2015-12-18 08:50:38','OUT','Not Signed','DC-9608'),(24,380,50,'1993-12-29 19:07:18','COMPLETE','Rejected','DC-8990'),(25,411,29,'1976-09-17 17:54:49','COMPLETE','Not Signed','DC-0266'),(26,572,6,'2004-06-02 04:06:47','COMPLETE','For Approval','DC-8069'),(27,134,5,'2012-08-27 10:27:59','OUT','Not Signed','DC-9725'),(28,707,7,'1972-10-25 10:36:01','IN','Not Signed','DC-3271'),(29,442,20,'2009-10-09 01:18:57','COMPLETE','Approved','DC-2192'),(30,689,28,'1995-08-20 18:43:51','COMPLETE','Rejected','DC-0254'),(31,915,10,'1981-08-19 10:15:29','OUT','Rejected','DC-4623'),(32,145,22,'1972-04-10 02:54:29','COMPLETE','Approved','DC-3376'),(33,907,17,'2000-06-29 08:26:20','IN','Not Signed','DC-2555'),(34,271,2,'2020-10-20 08:55:13','IN','Not Signed','DC-5044'),(35,554,16,'2005-01-27 03:27:06','COMPLETE','Not Signed','DC-4651'),(36,817,23,'2016-05-28 20:57:12','IN','Not Signed','DC-0717'),(37,457,3,'2000-02-09 01:02:31','COMPLETE','For Approval','DC-5553'),(38,757,38,'1974-01-26 16:32:51','IN','Approved','DC-1007'),(39,884,50,'1992-06-24 14:58:29','COMPLETE','Rejected','DC-1258'),(40,82,4,'1977-07-07 05:22:23','IN','Not Signed','DC-0127'),(41,632,14,'2012-01-14 17:01:57','OUT','Approved','DC-3336'),(42,820,12,'2006-03-13 15:49:17','OUT','Not Signed','DC-8059'),(43,820,38,'1986-08-06 08:02:41','COMPLETE','Approved','DC-6486'),(44,152,44,'1976-10-08 02:23:34','OUT','Not Signed','DC-3783'),(45,304,4,'1979-04-20 20:58:53','COMPLETE','Rejected','DC-9085'),(46,868,6,'1971-09-02 21:33:59','COMPLETE','For Approval','DC-0315'),(47,666,26,'1979-08-31 11:10:42','COMPLETE','Rejected','DC-0847'),(48,986,6,'1985-03-31 09:13:23','OUT','Not Signed','DC-2231'),(49,265,15,'2011-11-17 01:59:47','OUT','Not Signed','DC-1856'),(50,320,18,'1987-03-28 13:42:01','OUT','Rejected','DC-9212'),(51,538,23,'2002-08-14 18:19:25','OUT','Approved','DC-1764'),(52,827,37,'1972-01-15 13:02:26','COMPLETE','Approved','DC-7582'),(53,236,40,'2016-08-12 13:15:34','IN','For Approval','DC-5780'),(54,817,6,'1975-02-02 01:39:46','IN','Rejected','DC-0203'),(55,272,36,'1993-01-23 01:21:46','OUT','Not Signed','DC-5226'),(56,339,37,'1979-04-12 14:40:07','COMPLETE','Not Signed','DC-2711'),(57,796,16,'2014-02-14 03:09:34','COMPLETE','For Approval','DC-7359'),(58,898,38,'1973-02-21 03:00:43','COMPLETE','Rejected','DC-2747'),(59,824,30,'2013-06-12 10:38:19','COMPLETE','Not Signed','DC-6868'),(60,587,2,'2005-12-10 13:52:06','COMPLETE','For Approval','DC-4478'),(61,10,20,'1972-06-03 07:52:31','COMPLETE','For Approval','DC-9751'),(62,310,31,'1990-11-23 09:09:55','COMPLETE','Not Signed','DC-0981'),(63,674,20,'2020-01-01 01:49:22','OUT','Approved','DC-2377'),(64,618,52,'2010-04-26 21:43:13','OUT','Rejected','DC-6492'),(65,31,11,'1986-01-16 17:55:50','OUT','Approved','DC-0986'),(66,530,1,'2002-07-02 00:17:10','IN','Rejected','DC-5488'),(67,686,53,'1992-09-28 20:21:17','IN','Not Signed','DC-3861'),(68,401,47,'2009-10-31 04:52:19','COMPLETE','For Approval','DC-0619'),(69,9,50,'2006-10-27 11:11:51','IN','Not Signed','DC-4444'),(70,18,48,'2008-07-06 02:36:38','IN','Rejected','DC-4027'),(71,161,43,'1977-01-09 01:39:48','OUT','Not Signed','DC-6544'),(72,32,27,'2006-04-21 23:26:14','OUT','For Approval','DC-6454'),(73,979,31,'2004-06-19 00:09:44','OUT','Not Signed','DC-5662'),(74,538,19,'1985-01-30 14:42:01','IN','Not Signed','DC-3097'),(75,306,19,'1980-04-30 06:34:02','COMPLETE','Approved','DC-6957'),(76,895,47,'2022-06-19 00:06:19','IN','Not Signed','DC-0345'),(77,258,2,'2014-06-29 07:17:01','IN','Rejected','DC-9390'),(78,786,44,'1980-05-08 12:23:50','OUT','Approved','DC-3114'),(79,642,27,'1989-07-30 23:36:09','COMPLETE','Approved','DC-2843'),(80,933,12,'1974-06-22 03:07:29','OUT','Not Signed','DC-1127'),(81,483,1,'2010-11-05 23:27:00','COMPLETE','Rejected','DC-6064'),(82,341,4,'1992-09-21 16:33:08','IN','Rejected','DC-3931'),(83,823,38,'2002-01-23 09:06:20','IN','For Approval','DC-1112'),(84,737,32,'1983-07-26 17:35:36','IN','For Approval','DC-9331'),(85,229,31,'1972-06-21 19:22:11','IN','Rejected','DC-3008'),(86,704,51,'2011-03-13 18:31:49','IN','For Approval','DC-5207'),(87,39,31,'2012-02-13 20:07:42','COMPLETE','Rejected','DC-7954'),(88,493,55,'2009-12-21 21:17:06','IN','Not Signed','DC-5215'),(89,831,42,'2007-07-06 05:17:02','IN','Not Signed','DC-9123'),(90,829,26,'2005-08-15 07:12:42','COMPLETE','For Approval','DC-7984'),(91,991,4,'2015-01-17 00:40:56','OUT','Rejected','DC-9246'),(92,534,22,'1975-05-25 23:52:19','IN','For Approval','DC-9478'),(93,73,18,'1982-08-22 07:43:25','IN','For Approval','DC-6868'),(94,160,52,'1993-08-24 22:08:43','IN','Approved','DC-6882'),(95,177,49,'2015-02-03 10:41:34','IN','For Approval','DC-5476'),(96,295,34,'1999-12-14 09:55:30','OUT','Approved','DC-5825'),(97,593,39,'1998-09-02 03:57:04','OUT','Rejected','DC-3902'),(98,462,35,'2013-09-18 22:15:51','IN','Not Signed','DC-3618'),(99,220,24,'1998-06-23 12:24:19','COMPLETE','Not Signed','DC-5578'),(100,834,14,'1992-01-30 10:45:17','IN','Approved','DC-8132'),(101,657,14,'1976-05-13 21:13:41','COMPLETE','Approved','DC-7269'),(102,696,13,'2016-07-14 14:47:10','COMPLETE','Not Signed','DC-0607'),(103,393,30,'2000-01-12 12:33:06','OUT','For Approval','DC-5099'),(104,154,51,'1994-02-25 23:43:08','IN','Rejected','DC-8349'),(105,568,9,'1998-05-03 21:26:22','IN','Not Signed','DC-8283'),(106,922,2,'2008-01-04 08:12:57','COMPLETE','Rejected','DC-8818'),(107,109,20,'1984-11-29 02:48:39','IN','For Approval','DC-5456'),(108,764,54,'2017-07-19 10:31:02','IN','Not Signed','DC-2909'),(109,300,43,'1996-11-17 07:31:58','COMPLETE','Rejected','DC-2703'),(110,147,5,'1994-04-01 01:26:27','COMPLETE','For Approval','DC-1589'),(111,47,37,'1992-01-03 17:37:22','OUT','Approved','DC-4857'),(112,122,10,'1972-05-14 10:50:19','IN','Approved','DC-8013'),(113,483,22,'1973-05-23 20:17:21','IN','Not Signed','DC-0205'),(114,380,46,'1986-11-05 02:33:12','IN','Rejected','DC-1666'),(115,966,42,'1977-07-12 07:08:50','COMPLETE','For Approval','DC-9128'),(116,237,12,'1984-02-02 10:22:03','OUT','Approved','DC-9585'),(117,742,55,'2023-03-08 05:49:33','IN','Rejected','DC-0632'),(118,470,16,'1992-08-19 09:50:40','IN','Not Signed','DC-9575'),(119,181,3,'1983-11-27 11:56:04','COMPLETE','Approved','DC-2663'),(120,597,33,'2014-03-22 18:22:46','COMPLETE','Approved','DC-0545'),(121,668,30,'1994-10-22 16:17:13','OUT','Rejected','DC-8075'),(122,740,40,'1973-09-19 14:41:28','OUT','For Approval','DC-8254'),(123,401,11,'2016-03-04 21:44:14','COMPLETE','For Approval','DC-9245'),(124,628,35,'2020-10-15 01:07:17','COMPLETE','Not Signed','DC-5748'),(125,481,2,'1972-12-31 00:07:28','COMPLETE','Approved','DC-1655'),(126,215,39,'1999-03-15 15:07:58','OUT','Rejected','DC-7430'),(127,419,13,'1994-03-11 13:32:53','OUT','Rejected','DC-2501'),(128,253,1,'2022-11-07 03:09:04','OUT','Approved','DC-3572'),(129,652,44,'1985-11-30 07:49:20','IN','Not Signed','DC-0937'),(130,766,1,'1995-11-14 17:13:48','COMPLETE','Not Signed','DC-1391'),(131,909,14,'1994-09-27 07:43:36','IN','Approved','DC-8458'),(132,506,15,'1974-04-06 06:57:24','OUT','Approved','DC-8959'),(133,213,53,'2010-11-01 15:09:55','COMPLETE','Not Signed','DC-9299'),(134,70,20,'2021-10-13 03:53:56','OUT','Rejected','DC-1243'),(135,447,49,'2003-12-08 06:26:47','IN','Not Signed','DC-1006'),(136,853,1,'1980-01-02 11:08:52','OUT','For Approval','DC-5670'),(137,132,15,'2008-11-26 00:50:30','OUT','Not Signed','DC-1602'),(138,864,42,'1977-09-08 20:12:27','COMPLETE','Approved','DC-4105'),(139,84,30,'1984-01-31 17:47:29','IN','Not Signed','DC-6502'),(140,60,5,'2022-11-27 12:36:19','IN','Not Signed','DC-9530'),(141,538,16,'1995-10-25 18:47:04','OUT','Not Signed','DC-9852'),(142,904,5,'2019-05-14 05:59:34','COMPLETE','Not Signed','DC-5186'),(143,540,41,'1978-01-11 02:55:25','COMPLETE','For Approval','DC-5446'),(144,574,26,'1971-10-14 18:06:28','OUT','Rejected','DC-0244'),(145,41,30,'1973-10-18 22:40:04','IN','Not Signed','DC-7363'),(146,679,49,'2013-05-03 17:57:25','IN','For Approval','DC-4090'),(147,860,9,'2014-01-04 16:47:21','COMPLETE','Rejected','DC-7165'),(148,348,13,'1995-01-11 13:29:56','OUT','For Approval','DC-5154'),(149,621,1,'1981-05-23 13:33:15','IN','Approved','DC-6270'),(150,541,3,'1989-09-11 06:44:30','IN','Approved','DC-4167'),(151,953,9,'1983-02-17 23:29:42','COMPLETE','For Approval','DC-7172'),(152,657,34,'2001-08-10 04:54:17','OUT','Not Signed','DC-7834'),(153,569,22,'1971-10-14 18:42:45','OUT','Rejected','DC-8059'),(154,651,26,'2010-01-04 17:13:33','OUT','Approved','DC-1450'),(155,303,33,'1994-07-30 20:49:38','COMPLETE','Approved','DC-4354'),(156,852,38,'2018-10-17 15:26:46','COMPLETE','For Approval','DC-2628'),(157,326,7,'1991-07-07 11:40:12','COMPLETE','For Approval','DC-0772'),(158,557,38,'2009-08-24 12:19:12','IN','Approved','DC-8940'),(159,298,9,'1993-01-22 13:56:12','COMPLETE','For Approval','DC-2982'),(160,994,1,'1972-02-08 13:24:09','OUT','Approved','DC-7951'),(161,26,49,'2012-12-05 17:02:58','IN','Rejected','DC-1400'),(162,508,11,'1990-09-02 09:50:07','IN','For Approval','DC-7168'),(163,412,2,'1997-06-02 20:35:34','COMPLETE','For Approval','DC-7546'),(164,320,53,'1992-07-26 18:49:51','OUT','Not Signed','DC-6691'),(165,518,54,'2017-05-24 18:59:10','COMPLETE','Approved','DC-4033'),(166,55,11,'2022-12-15 19:09:12','COMPLETE','Rejected','DC-4202'),(167,971,8,'2000-12-25 09:14:50','COMPLETE','Not Signed','DC-4800'),(168,696,48,'2006-04-15 12:36:39','COMPLETE','Rejected','DC-3510'),(169,293,12,'2011-02-10 01:14:50','IN','Rejected','DC-0346'),(170,764,29,'1984-09-25 20:36:09','IN','Rejected','DC-2348'),(171,853,43,'1982-08-25 13:04:11','OUT','For Approval','DC-8683'),(172,363,8,'1971-08-03 10:34:14','COMPLETE','Not Signed','DC-8352'),(173,992,51,'1994-12-04 16:14:27','OUT','Rejected','DC-0897'),(174,175,5,'2000-03-06 22:35:00','IN','Approved','DC-4423'),(175,813,22,'1995-09-05 14:53:13','OUT','For Approval','DC-9944'),(176,499,5,'1976-04-17 18:43:35','IN','For Approval','DC-4706'),(177,602,11,'1973-11-15 14:17:10','COMPLETE','Approved','DC-6810'),(178,514,41,'2011-12-25 18:57:12','IN','Rejected','DC-9126'),(179,861,12,'2000-10-26 17:43:45','IN','Not Signed','DC-9048'),(180,342,26,'1994-05-13 20:00:58','COMPLETE','Approved','DC-9683'),(181,468,30,'2012-02-21 20:27:44','COMPLETE','For Approval','DC-0712'),(182,835,41,'2006-08-24 18:39:09','COMPLETE','Rejected','DC-6280'),(183,178,43,'1973-03-24 22:26:33','IN','Not Signed','DC-5967'),(184,350,19,'1992-11-23 05:47:09','IN','Not Signed','DC-4115'),(185,929,40,'1991-07-07 22:38:35','OUT','Approved','DC-2441'),(186,187,16,'1989-08-24 18:14:41','IN','Not Signed','DC-6821'),(187,352,8,'1990-01-16 18:29:10','COMPLETE','Not Signed','DC-7324'),(188,510,38,'1983-04-05 03:44:14','OUT','For Approval','DC-4807'),(189,445,18,'2011-09-07 19:57:08','COMPLETE','For Approval','DC-4119'),(190,450,12,'2012-04-10 00:03:19','OUT','Not Signed','DC-3905'),(191,962,2,'1974-02-14 19:43:47','OUT','Rejected','DC-6670'),(192,179,50,'1986-07-30 23:07:28','IN','For Approval','DC-5168'),(193,831,2,'2007-02-19 11:16:07','COMPLETE','Rejected','DC-3765'),(194,577,4,'1970-10-08 07:09:47','IN','For Approval','DC-9477'),(195,819,44,'1989-09-10 19:46:52','IN','Approved','DC-8626'),(196,35,23,'1973-07-10 07:24:37','OUT','For Approval','DC-0172'),(197,438,41,'2000-12-03 07:36:22','OUT','Rejected','DC-8784'),(198,817,35,'2022-08-31 17:42:26','IN','For Approval','DC-2953'),(199,851,21,'2021-10-07 05:57:56','IN','For Approval','DC-4934'),(200,828,21,'2022-06-20 14:50:53','OUT','Approved','DC-4654'),(201,771,9,'2012-05-28 12:20:53','COMPLETE','For Approval','DC-9841'),(202,104,41,'1975-09-01 09:22:14','IN','Not Signed','DC-5540'),(203,194,29,'2013-03-18 04:40:24','IN','Not Signed','DC-4442'),(204,348,20,'2002-01-12 10:53:42','COMPLETE','Not Signed','DC-1577'),(205,461,3,'1981-01-28 07:05:45','IN','Not Signed','DC-5211'),(206,82,28,'2019-11-07 14:38:38','OUT','For Approval','DC-0988'),(207,460,40,'1990-12-02 17:30:39','IN','For Approval','DC-6229'),(208,223,54,'2004-02-24 21:14:47','COMPLETE','Rejected','DC-4821'),(209,709,18,'1970-06-30 05:12:33','IN','Rejected','DC-1585'),(210,522,1,'2003-09-27 16:53:42','COMPLETE','Approved','DC-8507'),(211,824,22,'1973-07-24 09:22:59','IN','For Approval','DC-6703'),(212,157,9,'2006-11-11 15:43:08','COMPLETE','For Approval','DC-2066'),(213,839,9,'2012-01-20 00:41:09','IN','Not Signed','DC-5396'),(214,100,18,'2005-09-01 13:34:11','COMPLETE','Approved','DC-3788'),(215,10,49,'2016-01-22 11:14:23','COMPLETE','Rejected','DC-6121'),(216,700,35,'2016-02-05 04:09:07','IN','For Approval','DC-4451'),(217,249,43,'2023-01-25 23:28:21','OUT','Not Signed','DC-7184'),(218,28,44,'1999-11-11 22:25:26','OUT','Approved','DC-5507'),(219,706,17,'1981-02-01 10:20:28','COMPLETE','Approved','DC-1757'),(220,815,37,'1986-05-03 08:05:23','IN','Rejected','DC-7495'),(221,528,37,'1982-08-29 19:27:33','OUT','Not Signed','DC-3456'),(222,623,26,'1979-07-20 08:29:50','OUT','For Approval','DC-7268'),(223,328,31,'1993-08-31 17:46:27','COMPLETE','Rejected','DC-5797'),(224,43,19,'1987-06-24 13:25:26','IN','Not Signed','DC-8408'),(225,12,34,'1983-05-13 09:41:21','OUT','For Approval','DC-3626'),(226,521,26,'1983-02-19 01:28:19','COMPLETE','Not Signed','DC-2060'),(227,156,13,'2013-04-24 02:38:36','IN','For Approval','DC-1146'),(228,233,10,'2019-07-30 18:34:22','COMPLETE','For Approval','DC-1429'),(229,576,8,'1980-02-26 14:06:17','OUT','Not Signed','DC-6106'),(230,734,41,'2017-08-04 08:49:54','OUT','Approved','DC-8338'),(231,212,31,'1990-01-05 14:16:31','COMPLETE','Rejected','DC-3533'),(232,553,8,'1983-11-19 01:09:06','IN','Rejected','DC-6488'),(233,28,11,'1976-03-23 18:05:34','OUT','Not Signed','DC-2575'),(234,487,43,'2020-08-26 21:50:44','OUT','For Approval','DC-2941'),(235,347,35,'1978-11-13 16:33:15','IN','Rejected','DC-2881'),(236,469,26,'1990-04-16 18:05:02','IN','Not Signed','DC-3222'),(237,94,14,'1993-09-23 11:26:44','IN','Approved','DC-9764'),(238,402,49,'1992-12-16 22:51:17','IN','Not Signed','DC-9734'),(239,340,43,'1991-06-12 08:27:36','IN','Rejected','DC-1035'),(240,371,54,'2012-03-20 14:46:35','COMPLETE','Rejected','DC-7397'),(241,429,28,'2010-08-26 08:00:17','COMPLETE','Rejected','DC-0588'),(242,911,20,'2019-04-15 07:06:16','IN','Not Signed','DC-7633'),(243,605,43,'2004-12-28 12:21:58','COMPLETE','Rejected','DC-7368'),(244,94,18,'1985-07-19 15:29:06','OUT','For Approval','DC-6074'),(245,307,19,'2008-01-05 21:51:56','COMPLETE','For Approval','DC-7618'),(246,97,55,'2018-07-23 15:10:09','COMPLETE','Not Signed','DC-0615'),(247,572,49,'2017-07-22 02:55:05','COMPLETE','Approved','DC-2502'),(248,600,8,'2005-11-28 16:05:45','OUT','Rejected','DC-1646'),(249,324,55,'1997-01-01 01:22:51','OUT','Approved','DC-0909'),(250,443,51,'1976-03-20 16:29:23','IN','Approved','DC-8965'),(251,660,36,'2015-01-29 19:17:31','OUT','Not Signed','DC-2180'),(252,435,38,'1989-10-14 03:27:15','IN','For Approval','DC-6443'),(253,881,30,'1990-04-25 10:22:12','IN','For Approval','DC-3757'),(254,533,6,'1974-12-23 23:38:57','IN','Not Signed','DC-6817'),(255,602,13,'1987-03-31 12:25:17','COMPLETE','Rejected','DC-9942'),(256,843,7,'1984-09-24 01:48:12','COMPLETE','For Approval','DC-0791'),(257,160,41,'2019-05-24 07:15:52','IN','Approved','DC-8721'),(258,303,43,'2007-02-22 17:43:12','OUT','Not Signed','DC-5230'),(259,262,47,'1994-09-12 18:06:37','IN','Not Signed','DC-3466'),(260,206,5,'2004-08-02 02:08:12','IN','For Approval','DC-8669'),(261,856,12,'1996-07-04 00:43:05','COMPLETE','Approved','DC-5048'),(262,864,44,'1977-05-31 00:52:18','COMPLETE','Not Signed','DC-0011'),(263,779,17,'2023-04-17 22:21:29','COMPLETE','Not Signed','DC-2679'),(264,283,19,'2017-09-19 23:41:17','OUT','Rejected','DC-3860'),(265,930,49,'1998-07-16 11:52:06','COMPLETE','Not Signed','DC-6686'),(266,339,18,'1998-12-05 21:16:20','COMPLETE','Rejected','DC-1447'),(267,993,40,'1980-07-04 11:07:09','IN','Not Signed','DC-8443'),(268,692,27,'1995-09-07 09:01:54','COMPLETE','Rejected','DC-1515'),(269,744,1,'2009-07-31 23:22:04','IN','Not Signed','DC-6794'),(270,468,7,'1998-06-29 18:19:43','IN','Approved','DC-0571'),(271,563,31,'1981-08-07 17:07:28','IN','Rejected','DC-8741'),(272,126,9,'1980-11-05 21:21:37','OUT','For Approval','DC-7856'),(273,243,5,'2003-01-01 23:41:42','OUT','Approved','DC-5186'),(274,719,26,'1972-05-09 07:57:32','COMPLETE','Rejected','DC-0979'),(275,268,39,'2014-08-09 15:29:19','OUT','Not Signed','DC-5532'),(276,412,40,'2019-06-08 03:43:09','IN','For Approval','DC-2585'),(277,746,41,'1991-09-19 18:57:43','IN','Approved','DC-5325'),(278,96,40,'2008-09-24 16:57:39','OUT','For Approval','DC-9967'),(279,410,31,'1970-10-17 06:14:46','OUT','For Approval','DC-5332'),(280,609,17,'1974-08-21 08:13:42','COMPLETE','Not Signed','DC-6120'),(281,143,12,'1973-12-16 16:31:49','IN','Approved','DC-8264'),(282,641,14,'1990-11-08 08:51:13','OUT','For Approval','DC-5684'),(283,704,36,'2022-05-21 09:14:54','COMPLETE','Not Signed','DC-1614'),(284,426,40,'2007-05-15 14:15:42','COMPLETE','Approved','DC-4281'),(285,549,35,'1977-09-14 13:02:28','IN','Not Signed','DC-9346'),(286,279,12,'1987-08-26 16:35:33','IN','Approved','DC-2678'),(287,334,44,'1989-02-25 19:50:00','OUT','For Approval','DC-3622'),(288,518,11,'1973-09-02 01:31:13','COMPLETE','Not Signed','DC-3536'),(289,520,43,'1979-03-30 18:00:17','IN','For Approval','DC-4022'),(290,466,1,'1983-02-08 00:15:29','COMPLETE','For Approval','DC-9073'),(291,188,30,'1976-08-29 16:41:01','IN','Approved','DC-2135'),(292,388,18,'1985-04-01 16:25:50','OUT','Approved','DC-0248'),(293,304,29,'1988-02-13 14:57:29','OUT','Approved','DC-3478'),(294,539,5,'1986-11-13 09:21:05','IN','Not Signed','DC-4208'),(295,887,33,'2004-10-08 19:43:48','COMPLETE','Rejected','DC-0618'),(296,275,35,'2008-10-06 23:35:36','IN','For Approval','DC-7459'),(297,971,47,'1992-03-07 09:02:33','OUT','Not Signed','DC-0398'),(298,536,41,'1977-05-02 10:26:01','IN','Rejected','DC-2426'),(299,144,48,'2005-09-02 05:41:13','IN','Rejected','DC-9776'),(300,726,55,'1999-03-31 09:32:48','IN','Rejected','DC-0288'),(301,244,37,'1976-04-30 18:44:33','IN','Not Signed','DC-3140'),(302,283,22,'1988-03-26 21:09:44','OUT','Not Signed','DC-2674'),(303,249,32,'2009-05-07 16:56:26','COMPLETE','Rejected','DC-8781'),(304,896,46,'1988-04-04 01:34:32','COMPLETE','Approved','DC-0928'),(305,175,26,'2008-07-17 21:58:34','OUT','Approved','DC-6448'),(306,842,35,'1970-04-29 06:51:39','IN','For Approval','DC-3885'),(307,594,29,'1981-12-07 14:27:44','IN','Approved','DC-0155'),(308,691,35,'2022-04-11 15:46:18','COMPLETE','For Approval','DC-6070'),(309,815,3,'1996-12-09 11:55:02','IN','For Approval','DC-5540'),(310,80,23,'1989-11-12 04:37:42','IN','Rejected','DC-7154'),(311,138,40,'1981-08-07 07:16:59','IN','Rejected','DC-5061'),(312,946,9,'1978-02-16 04:54:20','IN','For Approval','DC-0367'),(313,679,6,'2007-08-09 14:14:19','COMPLETE','Rejected','DC-1560'),(314,683,54,'1991-09-11 14:07:41','COMPLETE','Approved','DC-6942'),(315,915,52,'1988-03-22 20:57:43','IN','For Approval','DC-6120'),(316,137,48,'2011-03-20 14:33:19','OUT','Not Signed','DC-7892'),(317,406,38,'2017-09-16 04:47:08','IN','Approved','DC-9232'),(318,699,11,'2011-03-28 21:06:23','COMPLETE','Approved','DC-8555'),(319,279,37,'1989-01-05 14:01:10','OUT','For Approval','DC-2185'),(320,127,41,'2019-12-22 05:51:33','COMPLETE','Approved','DC-8121'),(321,173,39,'2005-08-30 02:49:20','IN','For Approval','DC-8358'),(322,117,16,'1995-09-26 04:32:15','OUT','Not Signed','DC-1444'),(323,199,49,'2013-06-15 11:16:56','OUT','Approved','DC-7123'),(324,968,36,'1976-10-13 06:05:52','IN','Approved','DC-4611'),(325,374,14,'1977-09-30 10:16:06','COMPLETE','For Approval','DC-7214'),(326,105,52,'2003-10-03 23:37:27','IN','Not Signed','DC-0632'),(327,11,50,'2002-07-07 10:36:27','COMPLETE','Rejected','DC-7165'),(328,125,47,'1984-12-30 21:46:51','OUT','Rejected','DC-3651'),(329,339,16,'1974-01-21 16:50:41','IN','Not Signed','DC-9113'),(330,710,7,'1982-05-21 01:06:00','IN','Approved','DC-0512');
/*!40000 ALTER TABLE `transaction` ENABLE KEYS */;
UNLOCK TABLES;
/*!40103 SET TIME_ZONE=@OLD_TIME_ZONE */;

/*!40101 SET SQL_MODE=@OLD_SQL_MODE */;
/*!40014 SET FOREIGN_KEY_CHECKS=@OLD_FOREIGN_KEY_CHECKS */;
/*!40014 SET UNIQUE_CHECKS=@OLD_UNIQUE_CHECKS */;
/*!40101 SET CHARACTER_SET_CLIENT=@OLD_CHARACTER_SET_CLIENT */;
/*!40101 SET CHARACTER_SET_RESULTS=@OLD_CHARACTER_SET_RESULTS */;
/*!40101 SET COLLATION_CONNECTION=@OLD_COLLATION_CONNECTION */;
/*!40111 SET SQL_NOTES=@OLD_SQL_NOTES */;

-- Dump completed on 2023-06-04  1:55:20
